<?xml version="1.0" encoding="UTF-8"?>
<addon id="audiodecoder.gme" version="21.0.2.1" name="GME Audio Decoder" provider-name="spiff">
  <requires>
    <import addon="kodi.binary.global.main" minversion="2.0.0" version="2.0.2"/>
    <import addon="kodi.binary.global.filesystem" minversion="1.1.7" version="1.1.8"/>
    <import addon="kodi.binary.instance.audiodecoder" minversion="4.0.0" version="4.0.0"/>
  </requires>
  <extension point="kodi.audiodecoder" name="gme" tags="true" tracks="true" library_linux="audiodecoder.gme.so.21.0.2">
    <support>
      <extension name=".gbs">
        <description>30100</description>
      </extension>
      <extension name=".gym">
        <description>30101</description>
      </extension>
      <extension name=".spc">
        <description>30102</description>
      </extension>
      <extension name=".nsf">
        <description>30103</description>
      </extension>
      <extension name=".nsfe">
        <description>30104</description>
      </extension>
      <extension name=".vgm">
        <description>30105</description>
      </extension>
      <extension name=".vgz">
        <description>30106</description>
      </extension>
      <extension name=".kss">
        <description>30107</description>
      </extension>
      <extension name=".hes">
        <description>30108</description>
      </extension>
      <extension name=".ay">
        <description>30109</description>
      </extension>
      <extension name=".sap">
        <description>30110</description>
      </extension>
      <extension name=".sgc">
        <description>30111</description>
      </extension>
    </support>
  </extension>
  <extension point="xbmc.addon.metadata">
    <platform/>
    <license>GPL-2.0-or-later</license>
    <source>https://github.com/xbmc/audiodecoder.gme</source>
    <assets>
      <icon>resources/icon.png</icon>
    </assets>
    <summary lang="af_ZA">Game Music Emu Oudio Dekodeerder</summary>
    <summary lang="ca_ES">Descodificador d'àudio Game Music Emu</summary>
    <summary lang="da_DK">Game Music Emu lydafkoder</summary>
    <summary lang="de_DE">Game Music Emu Audio Decoder</summary>
    <summary lang="en_GB">Game Music Emu Audio Decoder</summary>
    <summary lang="es_ES">Decodificador de Audio Game Music Emu</summary>
    <summary lang="es_MX">Decodificador de audio Game Music Emu</summary>
    <summary lang="et_EE">Game Music Emu helidekooder</summary>
    <summary lang="eu_ES">Game Music Emu Audio Decoder (GME formatuaren deskodetzailea)</summary>
    <summary lang="fi_FI">Game Music Emu -äänidekooderi</summary>
    <summary lang="fr_FR">Décodeur émulateur audio de musique de jeu</summary>
    <summary lang="hr_HR">Game Music Emu zvučni dekôder</summary>
    <summary lang="id_ID">Game Musik Emu Audio Decoder</summary>
    <summary lang="it_IT">Decodificatore audio Game Music Emu</summary>
    <summary lang="ko_KR">Game Music Emu 오디오 디코더</summary>
    <summary lang="pt_BR">Decodificador de Áudio Emu de Música de Jogo</summary>
    <summary lang="ru_RU">Аудиодекодер Game Music Emu</summary>
    <summary lang="zh_CN">游戏音乐 Emu 音频解码器</summary>
    <description lang="af_ZA">Game Music Emu (GME) formaat word gebruik om die oudio uittree formaat van verskeie video speletjie konsoles wat gewild was in die 1980s en 1990s te emuleer. Dit gee 'n "retro" gevoel tot die klank.[CR][CR][B]Let Op:[/B][CR]Nie alle lêer formate gee lengte nie en in hierdie geval word dit tot 2.5 minute gestel.[CR][CR][B]Ondersteunde Formate:[/B][CR]- AY: ZX Spectrum/Amstrad CPC[CR]- GBS: Nintendo Game Boy[CR]- GYM: Sega Genesis/Mega Drive[CR]- HES: NEC TurboGrafx-16/PC Enjin[CR]- KSS: MSX Tuis Rekenaar/ander Z80 stelsels (geen FM klank)[CR]- NSF/NSFE: Nintendo NES/Famicom (met VRC 6, Namco 106, en FME-7 klank)[CR]- SAP: Atari stelsels wat POKEY klank skyfie gebruik[CR]- SPC: Super Nintendo/Super Famicom[CR]- VGM/VGZ: Sega Master System/Mark III, Sega Genesis/Mega Drive, BBC Micro</description>
    <description lang="da_DK">Game Music Emu (GME)-format bruges til at efterligne lydudgangen fra forskellige videospilkonsoller, der var populære i 1980'erne og 1990'erne. Det giver en "retro" fornemmelse af lyden.[CR][CR][B]Bemærk:[/B][CR]Ikke alle filformater giver længde, og i dette tilfælde er den indstillet til 2,5 minutter.[CR][ CR][B]Understøttede formater:[/B][CR]- AY: ZX Spectrum/Amstrad CPC[CR]- GBS: Nintendo Game Boy[CR]- GYM: Sega Genesis/Mega Drive[CR]- HES: NEC TurboGrafx-16/PC Engine[CR]- KSS: MSX hjemmecomputer/andre Z80-systemer (ingen FM-lyd)[CR]- NSF/NSFE: Nintendo NES/Famicom (med VRC 6, Namco 106 og FME-7 lyd)[CR]- SAP: Atari-systemer, der bruger POKEY-lydchip[CR]- SPC: Super Nintendo/Super Famicom[CR]- VGM/VGZ: Sega Master System/Mark III, Sega Genesis/Mega Drive, BBC Micro</description>
    <description lang="de_DE">Das GME-Format (Game Music Emu) wird verwendet, um die Audioausgabe verschiedener Videospielkonsolen zu emulieren, die in den 1980er und 1990er Jahren beliebt waren. Es gibt dem Sound ein "Retro" -Gefühl.[CR][CR][B]Hinweis:[/B][CR]Nicht alle Dateiformate geben Länge und wird in diesem Fall auf 2,5 Minuten gesetzt.[CR][CR][B]Unterstützte Formate:[/B][CR]- AY: ZX Spectrum/Amstrad CPC[CR]- GBS: Nintendo Game Boy[CR]- GYM: Sega Genesis/Mega Drive[CR]- HES: NEC TurboGrafx-16/PC Engine[CR]- KSS: MSX Home Computer/other Z80 systems (no FM sound)[CR]- NSF/NSFE: Nintendo NES/Famicom (with VRC 6, Namco 106, and FME-7 sound)[CR]- SAP: Atari systems using POKEY sound chip[CR]- SPC: Super Nintendo/Super Famicom[CR]- VGM/VGZ: Sega Master System/Mark III, Sega Genesis/Mega Drive,BBC Micro</description>
    <description lang="en_GB">Game Music Emu (GME) format is used to emulate the audio output of various video game consoles popular in the 1980s and 1990s. It gives a "retro" feel to the sound.[CR][CR][B]Note:[/B][CR]Not all file formats give length and in this case it is set to 2.5 minutes.[CR][CR][B]Supported Formats:[/B][CR]- AY: ZX Spectrum/Amstrad CPC[CR]- GBS: Nintendo Game Boy[CR]- GYM: Sega Genesis/Mega Drive[CR]- HES: NEC TurboGrafx-16/PC Engine[CR]- KSS: MSX Home Computer/other Z80 systems (no FM sound)[CR]- NSF/NSFE: Nintendo NES/Famicom (with VRC 6, Namco 106, and FME-7 sound)[CR]- SAP: Atari systems using POKEY sound chip[CR]- SPC: Super Nintendo/Super Famicom[CR]- VGM/VGZ: Sega Master System/Mark III, Sega Genesis/Mega Drive,BBC Micro</description>
    <description lang="es_ES">El formato Game Music Emu (GME) se usa para emular la salida de audio de varias videoconsolas populares en las décadas de 1980 y 1990. Le da una sensación de "retro" al sonido.[CR][CR][B]Nota:[/B][CR]No todos los formatos de archivos proporcionan la duración y en esos casos se establece a 2.5 minutos.[CR][CR][B]Formatos soportados:[/B][CR]- AY: ZX Spectrum/Amstrad CPC[CR]- GBS: Nintendo Game Boy[CR]- GYM: Sega Genesis/Mega Drive[CR]- HES: NEC TurboGrafx-16/PC Engine[CR]- KSS: MSX Home Computer/otros sistemas Z80 (sin sonido FM)[CR]- NSF/NSFE: Nintendo NES/Famicom (con sonido VRC 6, Namco 106 y FME-7)[CR]- SAP: Sistemas Atari que usen el chip de sonido POKEY[CR]- SPC: Super Nintendo/Super Famicom[CR]- VGM/VGZ: Sega Master System/Mark III, Sega Genesis/Mega Drive, BBC Micro</description>
    <description lang="es_MX">El formato Game Music Emu (GME) se usa para emular la salida de audio de varias consolas de videojuegos populares en las décadas de 1980 y 1990. Da un aire "retro" al sonido.[CR][CR][B]Nota:[/B][CR]No todos los formatos establecen la duración, y en esos casos se establece a 2.5 minutos.[CR][CR][B]Formatos soportados:[/B][CR]- AY: ZX Spectrum/Amstrad CPC[CR]- GBS: Nintendo Game Boy[CR]- GYM: Sega Genesis/Mega Drive[CR]- HES: NEC TurboGrafx-16/PC Engine[CR]- KSS: MSX Home Computer/otros sistemas Z80 (sin sonido FM)[CR]- NSF/NSFE: Nintendo NES/Famicom (con sonido VRC 6, Namco 106 y FME-7)[CR]- SAP: Sistemas Atari con chip de sonido POKEY[CR]- SPC: Super Nintendo/Super Famicom[CR]- VGM/VGZ: Sega Master System/Mark III, Sega Genesis/Mega Drive, BBC Micro</description>
    <description lang="et_EE">Game Music Emu (GME) vormingut kasutatakse erinevate 1980ndatel ja 1990ndatel populaarsete videomängukonsoolide heliväljundi jäljendamiseks. See annab helile "retro" tunde.[CR][CR][B]Märkus:[/B][CR]Kõik failivormingud ei anna pikkust ja sel juhul on selleks seatud 2,5 minutit.[CR][ CR][B]Toetatud vormingud:[/B][CR]- AY: ZX Spectrum/Amstrad CPC[CR] - GBS: Nintendo Game Boy[CR] - GYM: Sega Genesis/Mega Drive[CR] - HES: NEC TurboGrafx-16/PC Mootor[CR]- KSS: MSX koduarvuti/muud Z80 süsteemid (FM helita)[CR]- NSF/NSFE: Nintendo NES/Famicom (VRC 6, Namco 106 ja FME-7 heliga) [CR]- SAP: Atari süsteemid, mis kasutavad POKEY helikiipi[CR] - SPC: Super Nintendo/Super Famicom[CR] - VGM/VGZ: Sega Master System/Mark III, Sega Genesis/Mega Drive, BBC Micro</description>
    <description lang="eu_ES">Game Music Emu (GME) (Jokoetako musikaren emulatzailea) formatua 80 eta 90. hamarkadetako hainbat bideojokutako kontsolen audio-irteera emulatzeko erabiltzen da. "Retro" itxura ematen dio soinuari.[CR][CR][B]Oharra:[/B][CR]Fitxategi-formatu guztiek ez dute luzera ematen, eta kasu honetan, 2,5 minutura ezarrita dago.[CR][CR][B]Formatu bateragarriak:[/B][CR]- AY: ZX Spectrum/Amstrad CPC[CR]- GBS: Nintendo Game Boy[CR]- GYM: Sega Genesis/Mega Drive[CR]- HES: NEC TurboGrafx-16/PC Engine[CR]- KSS: MSX Home Computer/beste Z80 sistemak (FM soinurik ez)[CR]- NSF/NSFE: Nintendo NES/Famicom (VRC 6, Namco 106, eta FME-7ko soinuekin)[CR]- SAP: POKEY txip-soinua erabiltzen duten Atari sistemak[CR]- SPC: Super Nintendo/Super Famicom[CR]- VGM/VGZ: Sega Master System/Mark III, Sega Genesis/Mega Drive,BBC Micro</description>
    <description lang="fi_FI">Game Music Emu (GME) -muotoa käytetään emuloitaessa monien 1980- ja 1990-luvun pelikonsoleiden äänilähtöä . Se antaa äänelle "retromaisen" vivahteen.[CR][CR][B]Huomioi:[/B][CR]Kaikki tiedostotyypit eivät ilmoita kestoa ja tällöin se asetetaan 2.5 minuuttiin.[CR][CR][B]Tuetut muodot:[/B][CR]- AY: ZX Spectrum/Amstrad CPC[CR]- GBS: Nintendo Game Boy[CR]- GYM: Sega Genesis/Mega Drive[CR]- HES: NEC TurboGrafx-16/PC Engine[CR]- KSS: MSX Home Computer/muu Z80 järjestelmä (ei FM-ääntä)[CR]- NSF/NSFE: Nintendo NES/Famicom (varustettuna VRC 6, Namco 106 ja FME-7 -äänellä)[CR]- SAP: Atari-järjestelmät POKEY-äänipiirillä[CR]- SPC: Super Nintendo/Super Famicom[CR]- VGM/VGZ: Sega Master System/Mark III, Sega Genesis/Mega Drive ja BBC Micro</description>
    <description lang="fr_FR">Le format Game Music Emu (GME) est utilisé pour émuler la sortie audio de diverses consoles de jeux vidéo populaires dans les années 1980 et 1990. Il donne une sensation "rétro" au son.[CR][CR][B]Remarque :[/B][CR]Tous les formats de fichiers ne donnent pas de longueur et dans ce cas, il est réglé sur 2,5 minutes.[CR][B] CR][B]Formats pris en charge :[/B][CR]- AY : ZX Spectrum/Amstrad CPC[CR]- GBS : Nintendo Game Boy[CR]- GYM : Sega Genesis/Mega Drive[CR]- HES : NEC Moteur TurboGrafx-16/PC[CR]- KSS : ordinateur personnel MSX/autres systèmes Z80 (pas de son FM)[CR]- NSF/NSFE : Nintendo NES/Famicom (avec son VRC 6, Namco 106 et FME-7) [CR]- SAP : systèmes Atari utilisant la puce audio POKEY[CR]- SPC : Super Nintendo/Super Famicom[CR]- VGM/VGZ : Sega Master System/Mark III, Sega Genesis/Mega Drive, BBC Micro</description>
    <description lang="hr_HR">Game Music Emu (GME) format se koristi za emuliranje zvučnih izlaza raznih konzola video igara popularnih u 1980 i 1990. Daje "retro" osjećaj zvuku.[CR][CR][B]Napomena:[/B][CR]Ne daju svi formati potrebnu duljinu i u tome slučaju postavljena je na 2.5 minute.[CR][CR][B]Podržani formati:[/B][CR]- AY: ZX Spectrum/Amstrad CPC[CR]- GBS: Nintendo Game Boy[CR]- GYM: Sega Genesis/Mega Drive[CR]- HES: NEC TurboGrafx-16/PC Engine[CR]- KSS: MSX Kućno računalo/Ostali Z80 sustavi (bez FM zvuka)[CR]- NSF/NSFE: Nintendo NES/Famicom (s VRC 6, Namco 106 i FME-7 zvuk)[CR]- SAP: Atari sustavi koji koriste POKEY zvučni čip[CR]- SPC: Super Nintendo/Super Famicom[CR]- VGM/VGZ: Sega Master System/Mark III, Sega Genesis/Mega Drive,BBC Micro</description>
    <description lang="id_ID">Format Game Music Emu (GME) digunakan untuk meniru output audio dari berbagai konsol video game yang populer di tahun 1980-an dan 1990-an. Ini memberikan nuansa "retro" pada suara.[CR][CR][B]Catatan:[/B][CR]Tidak semua format file memberikan panjang dan dalam hal ini diatur ke 2,5 menit.[CR][][CR] CR][B]Format yang Didukung:[/B][CR]- AY: ZX Spectrum/Amstrad CPC[CR]- GBS: Nintendo Game Boy[CR]- GYM: Sega Genesis/Mega Drive[CR]- HES: NEC TurboGrafx-16/PC Engine[CR]- KSS: MSX Home Computer/sistem Z80 lainnya (tanpa suara FM)[CR]- NSF/NSFE: Nintendo NES/Famicom (dengan suara VRC 6, Namco 106, dan FME-7) [CR]- SAP: Sistem Atari menggunakan chip suara POKEY[CR]- SPC: Super Nintendo/Super Famicom[CR]- VGM/VGZ: Sega Master System/Mark III, Sega Genesis/Mega Drive,BBC Micro</description>
    <description lang="it_IT">Il formato Game Music Emu (GME) viene usato per emulare l'uscita audio di varie console per videogiochi popolari negli anni '80 e '90. Dà un tocco "retrò" al suono.[CR][CR][B]Nota:[/B][CR]Non tutti i formati di file hanno la durata e in questo caso è impostata su 2,5 minuti.[CR][ CR][B]Formati supportati:[/B][CR]- AY: ZX Spectrum/Amstrad CPC[CR]- GBS: Nintendo Game Boy[CR]- PALESTRA: Sega Genesis/Mega Drive[CR]- HES: NEC TurboGrafx-16/PC Engine[CR]- KSS: MSX Home Computer/altri sistemi Z80 (nessun suono FM)[CR]- NSF/NSFE: Nintendo NES/Famicom (con audio VRC 6, Namco 106 e FME-7) [CR]- SAP: sistemi Atari che usano chip audio POKEY[CR]- SPC: Super Nintendo/Super Famicom[CR]- VGM/VGZ: Sega Master System/Mark III, Sega Genesis/Mega Drive, BBC Micro</description>
    <description lang="ko_KR">GME(Game Music Emu) 형식은 1980년대와 1990년대에 유행했던 다양한 비디오 게임 콘솔의 오디오 출력을 에뮬레이트하는 데 사용됩니다. 사운드에 "복고풍" 느낌을 줍니다.[CR][CR][B]참고:[/B][CR]일부 파일 형식은 길이를 제공하지 않으며 이 경우에는 2.5분으로 설정됩니다.[CR][ CR][B]지원되는 형식:[/B][CR]- AY: ZX Spectrum/Amstrad CPC[CR]- GBS: Nintendo Game Boy[CR]- GYM: Sega Genesis/Mega Drive[CR]- HES: NEC TurboGrafx-16/PC 엔진[CR]- KSS: MSX 가정용 컴퓨터/기타 Z80 시스템(FM 사운드 없음)[CR]- NSF/NSFE: Nintendo NES/Famicom(VRC 6, Namco 106 및 FME-7 사운드 포함) [CR]- SAP: POKEY 사운드 칩을 사용하는 Atari 시스템[CR]- SPC: Super Nintendo/Super Famicom[CR]- VGM/VGZ: Sega Master System/Mark III, Sega Genesis/Mega Drive,BBC Micro</description>
    <description lang="pt_BR">O formato Game Music Emu (GME) é usado para emular a saída de áudio de vários consoles de videogame populares nas décadas de 1980 e 1990. Dá uma sensação 'retro' ao som.[CR][CR][B]Nota:[/B][CR]Nem todos os formatos de arquivo fornecem duração e, neste caso, está definido para 2,5 minutos.[CR][ CR][B]Formatos suportados:[/B][CR]- AY: ZX Spectrum/Amstrad CPC[CR]- GBS: Nintendo Game Boy[CR]- GYM: Sega Genesis/Mega Drive[CR]- HES: NEC TurboGrafx-16/PC Engine[CR]- KSS: MSX Home Computer/outros sistemas Z80 (sem som FM)[CR]- NSF/NSFE: Nintendo NES/Famicom (com som VRC 6, Namco 106 e FME-7) [CR]- SAP: Sistemas Atari usando chip de som POKEY[CR]- SPC: Super Nintendo/Super Famicom[CR]- VGM/VGZ: Sega Master System/Mark III, Sega Genesis/Mega Drive,BBC Micro</description>
    <description lang="ru_RU">Формат Game Music Emu (GME) используется для эмуляции аудиовыхода различных игровых приставок, популярных в 1980-х и 1990-х годах. Он придает звуку ощущение "ретро".[CR][CR][B]Примечание:[/B][CR]Не все форматы файлов указывают длину, в данном случае она установлена на 2,5 минуты. [CR][CR][B]Поддерживаемые форматы:[/B][CR]- AY: ZX Spectrum/Amstrad CPC[CR]- GBS: Nintendo Game Boy[CR]- GYM: Sega Genesis/Mega Drive[CR]- HES: NEC TurboGrafx-16/PC Engine[CR]- KSS: MSX Home Computer/другие Z80 системы (без FM звука)[CR]- NSF/NSFE: Nintendo NES/Famicom (со звуком VRC 6, Namco 106 и FME-7)[CR]- SAP: Системы Atari, использующие звуковой чип POKEY[CR]- SPC: Super Nintendo/Super Famicom[CR]- VGM/VGZ: Sega Master System/Mark III, Sega Genesis/Mega Drive, BBC Micro</description>
    <description lang="zh_CN">游戏音乐 Emu（GME）格式用于模拟20世纪80年代和90年代流行的各种视频游戏机的音频输出。它给声音一种“复古”的感觉。[CR][CR][B]注：[/B][CR]并非所有文件格式都给出时长，在这种情况下，它被设置为2.5分钟。[CR][CR][B]支持的格式：[/B][CR]- AY：ZX Spectrum/Amstrad CPC[CR]- GBS：任天堂 Game Boy[CR]- GYM：世嘉 Genesis/Mega Drive[CR]- HES：NEC TurboGrafx-16/PC Engine[CR]- KSS：MSX 家用电脑/其他Z80系统（无FM声音）[CR]- NSF/NSFE：任天堂 NES/Famicom（带有VRC 6、Namco 106 和 FME-7 声音）[CR]- SAP：雅达利系统使用 POKEY sound 芯片[CR]- SPC：超级任天堂/Super Famicom[CR]- VGM/VGZ：世嘉 Master System/Mark III、世嘉Genesis/Mega Drive、BBC Micro</description>
  </extension>
</addon>
