<?xml version="1.0" encoding="UTF-8"?>
<addon id="game.libretro.beetle-pce" name="NEC - PC Engine / SuperGrafx / CD (Beetle PCE)" version="1.29.0.32.1" provider-name="Mednafen Team">
  <requires>
    <import addon="game.libretro" version="1.0.0"/>
  </requires>
  <extension point="kodi.gameclient" library_linux="game.libretro.beetle-pce.so">
    <platforms/>
    <extensions>pce|sgx|cue|ccd|chd|toc|m3u</extensions>
    <supports_vfs>false</supports_vfs>
    <supports_standalone>false</supports_standalone>
    <requires_opengl>false</requires_opengl>
  </extension>
  <extension point="xbmc.addon.metadata">
    <license>GPLv2</license>
    <platform/>
    <source>https://github.com/kodi-game/game.libretro.beetle-pce</source>
    <assets>
      <icon>resources/icon.png</icon>
      <screenshot>resources/screenshot-01.jpg</screenshot>
      <screenshot>resources/screenshot-02.jpg</screenshot>
      <screenshot>resources/screenshot-03.jpg</screenshot>
    </assets>
    <summary lang="da_DK">NEC - PC Engine / SuperGrafx / CD (Beetle PCE)</summary>
    <summary lang="en_GB">NEC - PC Engine / SuperGrafx / CD (Beetle PCE)</summary>
    <summary lang="es_ES">NEC - PC Engine / SuperGrafx / CD (Beetle PCE)</summary>
    <summary lang="it_IT">NEC - PC Engine / SuperGrafx / CD (Beetle PCE)</summary>
    <summary lang="zh_CN">NEC - PC 引擎 / SuperGrafx / CD (Beetle PCE)</summary>
    <description lang="da_DK">Beetle PC Engine er en fork af Mednafens PC Engine-driver.[CR][CR]Dette PC Engine-modul er mere præcist end Beetle PC Engine Fast-modulet på bekostning af hastighed.</description>
    <description lang="de_DE">Beetle PC Engine ist ein Ableger des PC-Engine-Treibers von Mednafen[CR][CR]Dieses PC-Engine-Modul ist genauer als das Beetle PC-Engine-Fast-Modul, allerdings auf Kosten der Geschwindigkeit.</description>
    <description lang="en_GB">Beetle PC Engine is a fork of Mednafen's PC Engine driver.[CR][CR]This PC Engine module is more accurate than the Beetle PC Engine Fast module, at the expense of speed.</description>
    <description lang="es_ES">Beetle PC Engine es una bifurcación del controlador PC Engine de Mednafen[CR][CR]Este módulo PC Engine es más preciso que el módulo Beetle PC Engine Fast, a expensas de la velocidad.</description>
    <description lang="it_IT">Beetle PC Engine è un fork del driver PC Engine di Mednafen.[CR][CR]Questo modulo PC Engine è più preciso del modulo Beetle PC Engine Fast, a scapito della velocità.</description>
    <description lang="zh_CN">Beetle PC 引擎是 Mednafen 的 PC 引擎驱动程序的一个分支。[CR][CR]此 PC 引擎模块以速度为代价，取得比 Beetle PC 引擎快速模块更精确的效果。</description>
  </extension>
</addon>
