<?xml version="1.0" encoding="UTF-8"?>
<addon id="game.libretro.pokemini" name="Nintendo - Pokemon Mini (PokeMini)" version="0.60.0.42.1" provider-name="JustBurn">
  <requires>
    <import addon="game.libretro" version="1.0.0"/>
    <import addon="game.controller.default" version="1.0.0"/>
  </requires>
  <extension point="kodi.gameclient" library_linux="game.libretro.pokemini.so">
    <platforms/>
    <extensions>min</extensions>
    <supports_vfs>true</supports_vfs>
    <supports_standalone>false</supports_standalone>
    <requires_opengl>false</requires_opengl>
  </extension>
  <extension point="xbmc.addon.metadata">
    <license>GPLv3</license>
    <platform/>
    <source>https://github.com/kodi-game/game.libretro.pokemini</source>
    <assets>
      <icon>resources/icon.png</icon>
    </assets>
    <summary lang="da_DK">Nintendo - Pokemon Mini (PokeMini)</summary>
    <summary lang="en_GB">Nintendo - Pokemon Mini (PokeMini)</summary>
    <summary lang="es_ES">Nintendo - Pokemon Mini (PokeMini)</summary>
    <summary lang="zh_CN">任天堂 - Pokemon Mini (PokeMini)</summary>
    <description lang="da_DK">PokeMini emulerer den obskure Pokémon Mini håndholdte. Selvom den er funktionel, understøtter den i øjeblikket ikke farvefiler eller gemte tilstande.[CR][CR]For at bruge en rigtig BIOS skal du placere [I]bios.min[/I] i emulatorens brugerdatamappe.</description>
    <description lang="de_DE">PokeMini emuliert den obskuren Pokémon Mini-Handheld. Er ist zwar funktionsfähig, unterstützt aber derzeit keine Farbdateien oder Savestates.[CR][CR]Um ein echtes BIOS zu verwenden, muss die Datei [I]bios.min[/I] im userdata-Ordner des Emulators abgelegt werden.</description>
    <description lang="en_GB">PokeMini emulates the obscure Pokémon Mini handheld. While functional, it does not support color files or savestates currently.[CR][CR]To use a real BIOS, place [I]bios.min[/I] in the emulator's userdata folder.</description>
    <description lang="es_ES">PokeMini emula la oscura videoconsola portátil Pokémon Mini. Aunque es funcional, actualmente no soporta archivos de color o guardar estados.[CR][CR]Para utilizar una BIOS real, coloca [I]bios.min[/I] en la carpeta userdata del emulador.</description>
    <description lang="zh_CN">PokeMini 仿真默默无闻的 Pokémon Mini 掌机。虽然功能正常，但它目前不支持颜色文件或保存状态。[CR][CR]要使用真正的 BIOS，请将 [I]BIOS.min[/I] 放在模拟器的 userdata 文件夹中。</description>
  </extension>
</addon>
