<?xml version="1.0" encoding="UTF-8" standalone="yes"?>
<addon id="service.system.inadyn"
       name="Inadyn"
       version="21.2.0"
       provider-name="Anton Voyl (awiouy)">
  <requires>
    <import addon="xbmc.python" version="3.0.0"/>

  </requires>
  <extension point="xbmc.service" library="default.py">
    <provides></provides>
  </extension>
  <extension point="xbmc.addon.metadata">
    <summary>Inadyn: a small and simple Dynamic Domain Name System client</summary>
    <description>
Inadyn (2.12.0) is a small and simple Dynamic Domain Name System (DDNS) client with HTTPS support. It is commonly available in many GNU/Linux distributions, used in off-the-shelf routers and Internet gateways to automate the task of keeping your DNS record up to date with any IP address changes from your ISP. It can also be used in installations with redundant (backup) connections to the Internet.
    </description>
    <disclaimer>

    </disclaimer>
    <platform>all</platform>
    <news>
initial release
    </news>
    <assets>
      <icon>resources/icon.png</icon>
      <fanart>resources/fanart.png</fanart>

    </assets>
  </extension>
</addon>
