<?xml version="1.0" encoding="UTF-8" standalone="yes"?>
<addon id="tools.flirc_util"
       name="flirc_util"
       version="21.0.1"
       provider-name="Team CoreELEC">
  <requires>
    <import addon="xbmc.python" version="3.0.0"/>

  </requires>
  <extension point="xbmc.python.script" library="default.py">
    <provides></provides>
  </extension>
  <extension point="xbmc.addon.metadata">
    <summary>CLI utility for flirc IR receivers</summary>
    <description>
Command-Line utility for configuring flirc IR receivers
    </description>
    <disclaimer>

    </disclaimer>
    <platform>all</platform>
    <news>
initial release
    </news>
    <assets>
      <icon>resources/icon.png</icon>
      <fanart>resources/fanart.png</fanart>

    </assets>
  </extension>
</addon>
