<?xml version="1.0" encoding="UTF-8"?>
<addon id="game.libretro.mame2003_plus" name="Arcade (MAME 2003-Plus)" version="0.0.1.80.1" provider-name="MAMEdev, MAME 2003-Plus Team, et al (see license and changelog)">
  <requires>
    <import addon="game.libretro" version="1.0.0"/>
  </requires>
  <extension point="kodi.gameclient" library_linux="game.libretro.mame2003_plus.so">
    <platforms/>
    <extensions>zip</extensions>
    <supports_vfs>false</supports_vfs>
    <supports_standalone>false</supports_standalone>
    <requires_opengl>false</requires_opengl>
  </extension>
  <extension point="xbmc.addon.metadata">
    <license>MAME Noncommercial</license>
    <platform/>
    <source>https://github.com/kodi-game/game.libretro.mame2003_plus</source>
    <assets>
      <icon>resources/icon.png</icon>
    </assets>
    <summary lang="en_GB">Arcade (MAME 2003-Plus)</summary>
    <description lang="da_DK">Opdateret 2018-version af MAME (0.78) til libretro, med tilføjet understøttelse af spil plus mange rettelser og forbedringer.</description>
    <description lang="de_DE">Aktualisierte Version 2018 von MAME (0.78) für libretro, mit zusätzlicher Spieleunterstützung und vielen Korrekturen und Verbesserungen.</description>
    <description lang="en_GB">Updated 2018 version of MAME (0.78) for libretro, with added game support plus many fixes and improvements.</description>
    <description lang="es_ES">Versión 2018 actualizada de MAME (0.78) para libretro, con soporte añadido para juegos además de muchas correcciones y mejoras.</description>
    <description lang="it_IT">Versione 2018 aggiornata di MAME (0.78) per libretro, con supporto di gioco aggiunto oltre a molte correzioni e miglioramenti.</description>
    <description lang="ko_KR">libretro용 MAME(0.78) 2018 버전이 업데이트되었으며, 게임 지원이 추가되고 많은 수정 및 개선이 이루어졌습니다.</description>
    <description lang="zh_CN">libretro 的升级2018版 MAME（0.78） 。增加了游戏支持，并进行了许多修正和改进。</description>
  </extension>
</addon>
