<?xml version="1.0" encoding="UTF-8"?>
<addon id="game.libretro.beetle-saturn" name="Sega - Saturn (Beetle Saturn)" version="1.29.0.50.1" provider-name="Mednafen Team">
  <requires>
    <import addon="game.libretro" version="1.0.0"/>
  </requires>
  <extension point="kodi.gameclient" library_linux="game.libretro.beetle-saturn.so">
    <platforms/>
    <extensions>cue|ccd|chd|toc|m3u</extensions>
    <supports_vfs>false</supports_vfs>
    <supports_standalone>false</supports_standalone>
    <requires_opengl>false</requires_opengl>
  </extension>
  <extension point="xbmc.addon.metadata">
    <license>GPLv2</license>
    <platform/>
    <source>https://github.com/kodi-game/game.libretro.beetle-saturn</source>
    <assets>
      <icon>resources/icon.png</icon>
    </assets>
    <summary lang="da_DK">Sega - Saturn (Beetle Saturn)</summary>
    <summary lang="en_GB">Sega - Saturn (Beetle Saturn)</summary>
    <summary lang="es_ES">Sega - Saturn (Beetle Saturn)</summary>
    <summary lang="it_IT">Sega - Saturn (Beetle Saturn)</summary>
    <summary lang="zh_CN">世嘉 - Saturn (Beetle Saturn)</summary>
    <description lang="da_DK">Beetle Saturn er en port af Mednafen Saturn til libretro API.</description>
    <description lang="de_DE">Beetle Saturn ist eine Portierung von Mednafen Saturn auf die libretro API.</description>
    <description lang="en_GB">Beetle Saturn is a port of Mednafen Saturn to the libretro API.</description>
    <description lang="es_ES">Beetle Saturn es una adaptación de Mednafen Saturn a la API libretro.</description>
    <description lang="it_IT">Beetle Saturn è un porting di Mednafen Saturn per l'API libretro.</description>
    <description lang="zh_CN">Beetle Saturn 是 Mednafen Saturn 到 libretro API 的一个移植。</description>
  </extension>
</addon>
