<?xml version="1.0" encoding="UTF-8"?>
<addon id="audiodecoder.sidplay" version="21.0.2.2" name="Sidplay Audio Decoder" provider-name="spiff">
  <requires>
    <import addon="kodi.binary.global.main" minversion="2.0.0" version="2.0.2"/>
    <import addon="kodi.binary.global.filesystem" minversion="1.1.7" version="1.1.8"/>
    <import addon="kodi.binary.instance.audiodecoder" minversion="4.0.0" version="4.0.0"/>
  </requires>
  <extension point="kodi.audiodecoder" name="sid" tags="true" tracks="true" library_linux="audiodecoder.sidplay.so.21.0.2">
    <support>
      <extension name=".sid">
        <description>30100</description>
        <icon>icon.png</icon>
      </extension>
    </support>
  </extension>
  <extension point="xbmc.addon.metadata">
    <platform/>
    <license>GPL-2.0-or-later</license>
    <source>https://github.com/xbmc/audiodecoder.sidplay</source>
    <assets>
      <icon>resources/icon.png</icon>
    </assets>
    <summary lang="af_ZA">SID (MOS 6581) Oudio Dekodeerder</summary>
    <summary lang="ca_ES">Descodificador d'àudio SID (MOS 6581)</summary>
    <summary lang="da_DK">SID (MOS 6581) lydafkoder</summary>
    <summary lang="de_DE">SID (MOS 6581) Audio Decoder</summary>
    <summary lang="en_GB">SID (MOS 6581) Audio Decoder</summary>
    <summary lang="es_ES">Decodificador de Audio SID (MOS 6581)</summary>
    <summary lang="et_EE">SID (MOS 6581) helidekooder</summary>
    <summary lang="fr_FR">Décodeur audio SID (MOS 6581)</summary>
    <summary lang="hr_HR">SID (MOS 6581) zvučni dekôder</summary>
    <summary lang="it_IT">Decodificatore audio SID (MOS 6581)</summary>
    <summary lang="ko_KR">SID (MOS 6581) 오디오 디코더</summary>
    <summary lang="pt_BR">Decodificador de Áudio SID (MOS 6581)</summary>
    <summary lang="ru_RU">Аудиодекодер SID (MOS 6581)</summary>
    <summary lang="zh_CN">SID（MOS 6581）音频解码器</summary>
    <description lang="da_DK">Sound Interface Device (SID) er et format, der huser Commodore 64 og 128 musik.[CR][CR]Dette er et add-on, der implementerer emuleringen af C64's SID-chip (MOS 6581) og CPU (6510) af .SID eller. SIDSTREAM-filer.</description>
    <description lang="de_DE">Sound Interface Device (SID) ist ein Format, das Commodore 64- und 128 Musik enthält.[CR][CR]Dies ist ein Addon, das die Emulation des SID-Chips (MOS 6581) und der CPU (6510) des C64 durch .SID- oder .SIDSTREAM-Dateien implementiert.</description>
    <description lang="en_GB">Sound Interface Device (SID) is a format that houses Commodore 64 and 128 music.[CR][CR]This is a addon that implements the emulation of the C64's SID chip (MOS 6581) and CPU (6510) by .SID or .SIDSTREAM files.</description>
    <description lang="es_ES">Sound Interface Device (SID) es el formato de música de Commodore 64 y 128.[CR][CR]Este es un complemento que implementa la emulación de los chip SID (MOS 6581) y CPU (6510) de C64 para los archivos .SID o .SIDSTREAM.</description>
    <description lang="et_EE">Sound Interface Device (SID) on vorming, mis sisaldab Commodore 64 ja 128 muusikat.[CR][CR]See on lisamoodul, mis rakendab C64 SID kiibi (MOS 6581) ja CPU (6510) emuleerimist .SID või . SIDSTREAM failidel.</description>
    <description lang="fr_FR">Sound Interface Device (SID) est un format qui héberge la musique Commodore 64 et 128.[CR][CR]Il s'agit d'un module complémentaire qui implémente l'émulation de la puce SID (MOS 6581) et du processeur (6510) du C64 par .SID ou . Fichiers SIDSTREAM.</description>
    <description lang="hr_HR">Sound Interface Device (SID) je format koji koristi Commodore 64 i 128 glazba.[CR][CR]Ovaj dodatak implementira emulaciju C64 SID čipa (MOS 6581) i CPU (6510) od .SID ili .SIDSTREAM datoteka.</description>
    <description lang="it_IT">Sound Interface Device (SID) è un formato che ospita la musica del Commodore 64 e 128.[CR][CR]Questo è un add-on che implementa l'emulazione del chip SID del C64 (MOS 6581) e della CPU (6510) tramite .SID o .SIDSTREAM file.</description>
    <description lang="ko_KR">SID(사운드 인터페이스 장치)는 Commodore 64 및 128 음악을 저장하는 형식입니다.[CR][CR]C64의 SID 칩(MOS 6581)과 CPU(6510)를 .SID 또는 . SIDSTREAM 파일.</description>
    <description lang="pt_BR">Sound Interface Device (SID) é um formato que abriga músicas do Commodore 64 e 128.[CR][CR]Este é um addon que implementa a emulação do chip SID do C64 (MOS 6581) e CPU (6510) por .SID ou . Arquivos SIDSTREAM.</description>
    <description lang="ru_RU">Sound Interface Device (SID) - это формат, в котором хранится музыка Commodore 64 и 128.[CR][CR]Это дополнение, которое реализует эмуляцию SID-чипа C64 (MOS 6581) и процессора (6510) с помощью файлов .SID или .SIDSTREAM.</description>
    <description lang="zh_CN">声音接口设备（SID）是一种容纳 Commodore 64 和 128 音乐的格式。[CR][CR]这是一个通过 .SID 或 .SIDSTREAM 文件实现 C64 的 SID 芯片（MOS 6581）和 CPU（6510）仿真的插件。</description>
  </extension>
</addon>
