<?xml version="1.0" encoding="UTF-8"?>
<addon id="visualization.fishbmc" version="21.0.2.1" name="FishBMC" provider-name="26elf">
  <requires>
    <import addon="kodi.binary.global.main" minversion="2.0.0" version="2.0.2"/>
    <import addon="kodi.binary.global.general" minversion="1.0.4" version="1.0.5"/>
    <import addon="kodi.binary.global.gui" minversion="5.15.0" version="5.15.0"/>
    <import addon="kodi.binary.global.filesystem" minversion="1.1.7" version="1.1.8"/>
    <import addon="kodi.binary.instance.visualization" minversion="4.0.0" version="4.0.0"/>
  </requires>
  <extension point="xbmc.player.musicviz" library_linux="visualization.fishbmc.so.21.0.2"/>
  <extension point="xbmc.addon.metadata">
    <platform/>
    <license>GPL-2.0-or-later</license>
    <source>https://github.com/xbmc/visualization.fishbmc</source>
    <assets>
      <icon>resources/icon.png</icon>
      <fanart>resources/fanart.jpg</fanart>
      <screenshot>resources/screenshot-01.jpg</screenshot>
      <screenshot>resources/screenshot-02.jpg</screenshot>
      <screenshot>resources/screenshot-03.jpg</screenshot>
    </assets>
    <summary lang="af_ZA">Visualisasie wat Golwe en Wasigheid effek wys</summary>
    <summary lang="ar_SA">إسلوب تخيلي يُظهِر مؤثراتاً بصرية تتضمن موجات ومؤثرات عين السمكة (مؤثرات ضبابية)</summary>
    <summary lang="bg_BG">Визуализацията представя вълни и размиващи ефекти</summary>
    <summary lang="ca_ES">Visualització que mostra Ones i Efectes de desenfocament</summary>
    <summary lang="cs_CZ">Vizualizace zobrazující vlny a rozmazané efekty</summary>
    <summary lang="da_DK">Visualisering der viser bølger og sløringseffekter</summary>
    <summary lang="de_DE">Visualisierung mit Wellen- und Weichzeichnungs-Effekten</summary>
    <summary lang="el_GR">Οπτικοποίηση προβολής Κυμάτων και Εφέ Θαμπώματος</summary>
    <summary lang="en_AU">Visualisation showing Waves and Blur Effects</summary>
    <summary lang="en_GB">Visualisation showing Waves and Blur Effects</summary>
    <summary lang="en_NZ">Visualisation showing Waves and Blur Effects</summary>
    <summary lang="es_ES">Visualización que muestra efectos de ondas y desenfoque</summary>
    <summary lang="es_MX">Visualización que muestra olas y efectos de desenfoque</summary>
    <summary lang="et_EE">Laine- ja uduefektidega visuaal</summary>
    <summary lang="fi_FI">Aalto- ja sumennustehosteita näyttävä visualisointi</summary>
    <summary lang="fr_CA">Visualisation à effet de vague et flou</summary>
    <summary lang="fr_FR">Visualisation montrant des vagues et des effets de flou</summary>
    <summary lang="gl_ES">Unha visualización con Ondas e efectos de Desenfoque</summary>
    <summary lang="he_IL">חיזוי מציג אפקטי גלים וטשטוש</summary>
    <summary lang="hr_HR">Vizualizacija prikazuje valove i zamućene efekte</summary>
    <summary lang="hu_HU">A vizualizáció Hullámokat és Elmosás Effekteket mutat.</summary>
    <summary lang="id_ID">Visualisasi menunjukkan efek gelombang dan efek kabur.</summary>
    <summary lang="it_IT">Visualizzazione mostrando Onde e Sfumature</summary>
    <summary lang="ko_KR">웨이브 및 블러 효과를 보여주는 시각화</summary>
    <summary lang="lv_LV">Vizualizācija, rādot viļņus un izpludināšanas efektu</summary>
    <summary lang="nl_NL">Visualisatie waarbij Golven en Blur effecten worden getoond</summary>
    <summary lang="pl_PL">Wizualizacja prezentuje efekty fali i rozmycia</summary>
    <summary lang="pt_BR">Visualização mostrando Ondas e Efeitos Borrados</summary>
    <summary lang="pt_PT">Uma visualização com Ondas e Efeitos de Desfocagem</summary>
    <summary lang="sk_SK">Vizualizácia zobrazujúca vlnky a efekty rozmazania</summary>
    <summary lang="sl_SI">Vizualizacija prikazuje valovanje in učinke zamegljenosti</summary>
    <summary lang="sv_SE">Visualisering bestående av vågor- och blur-effekter</summary>
    <summary lang="ta_IN">அலைகள் மற்றும் தெளிவின்மை விளைவுகள் காண்பிக்கும் காட்சி அமைப்பு</summary>
    <summary lang="tg_TJ">Таҷассум бо шамоиши мавҷҳо ва таъсирҳои хирагӣ</summary>
    <summary lang="zh_CN">呈现波浪和模糊效果的可视化效果</summary>
    <description lang="af_ZA">fishBMC is gebasseer op fische, 'n onafhanklike klank visulasasie program. Die basiese prinsiep is: teken die golflente en smeer die tekening langs Vooraf gedefinieerde vektore. fische sluit ook gevorderde tempo ondekking in, wat 'n besondere visuele ervaring verseker.</description>
    <description lang="bg_BG">fishBMC е създадена въз основа на fische - самостоятелен инструмент за визуализиране на звук. Основния принцип е изчертаване на вълнова функция и размиване по предварително определени вектори. В допълнение fische съдържа и разширена функция за засичане на ритъма, което би трябвало да гарантира великолепно визуално изживяване.</description>
    <description lang="ca_ES">fishBMC es basa en fische, una eina de visualització de so autònoma. El principi bàsic és: dibuixar la forma d'ona i estendre el dibuix al llarg de vectors per defecte. No obstant, fische també incorpora una detecció avançada del ritme, que realment garanteix una gran experiència visual.</description>
    <description lang="da_DK">fishBMX er baseret på fische, et enkeltstående lydvisualiseringsværktøj. Grundprincippet er: tegn waveformen og tvær tegningen langs de prædefinerede vektorer. Imidlertid inkluderer fische også avanceret beat-registrering, hvilket virkelig garanterer en fantastisk visuel oplevelse.</description>
    <description lang="de_DE">fishBMC basiert auf fische, einem eigenständigen Ton-Visualisierungsprogramm. Das Grundprinzip ist: Zeichne das Wellenspektrum und verwische die Zeichnung entlang festgelegter Vektoren. fische verfügt jedoch auch über eine fortgeschrittene Rhytmus-Erkennung, die ein großartiges visuelles Erlebnis garantiert.</description>
    <description lang="el_GR">Το fishBMC είναι βασισμένο στο fische, ένα ξεχωριστό εργαλείο ηχητικών οπτικοποιήσεων. Η βασική του αρχή είναι: σχεδίαση μιας κυματομορφής και χρωματισμός της εικόνας κατά μήκος προκαθορισμένων διανυσμάτων. Παρ'όλα αυτά, το fische περιλαμβάνει και ανεπτυγμένες μεθόδους εντοπισμού παλμών, γεγονός που εγγυάται μια εκπληκτική οπτική εμπειρία.</description>
    <description lang="en_AU">fishBMC is based on fische, a standalone sound visualisation tool. The basic principle is: draw the waveform and smear the drawing along predefined vectors. However fische also incorporates advanced beat detection, which really guarantees a great visual experience.</description>
    <description lang="en_GB">fishBMC is based on fische, a standalone sound visualisation tool. The basic principle is: draw the waveform and smear the drawing along predefined vectors. However fische also incorporates advanced beat detection, which really guarantees a great visual experience.</description>
    <description lang="en_NZ">fishBMC is based on fische, a standalone sound visualisation tool. The basic principle is: draw the waveform and smear the drawing along predefined vectors. However fische also incorporates advanced beat detection, which really guarantees a great visual experience.</description>
    <description lang="es_ES">fishBMC está basado en fische, una herramienta de visualización de sonido. El principio básico es: dibujar la forma de onda y extender a lo largo de vectores predefinidos. Sin embargo, fische también incluye una avanzada detección de ritmos, lo cual garantiza una gran experiencia visual.</description>
    <description lang="es_MX">fishBMC se basa en fische, una herramienta independiente de visualización de sonido. El principio principal es: dibujar la forma de onda y esfumar el dibujo en conjunto a vectores predefinidos. No obstante, fische también incorpora una detección avanzada de compás, lo que garantiza una gran experiencia visual.</description>
    <description lang="et_EE">fishBMC baseerub fische visualiseerimistööriistal. Põhiprintsiibiks on: joonista laine ja määri see ettenähtud suundades laiali. fische sisaldab lisaks veel edasijõudnud rütmituvastajat, garanteerides nii vaatajale suurepärase elamuse.</description>
    <description lang="fi_FI">fishBMC perustuu erilliseen fische-nimiseen äänen visualisointityökaluun. Sen perusperiaate on: Piirrä aaltomuoto ja levitä piirros ennalta määritettyjä vektoreita pitkin. Lisäksi fische sisältää kuitenkin myös edistyneen tahdintunnistuksen, joka todella takaa upean visuaalisen kokemuksen.</description>
    <description lang="fr_CA">fishBMX est basé sur fische, un outil de visualisation audio autonome. Le principe de base est : dessiner la forme de l'onde et altère le dessin suivant des vecteurs prédéfinis. Cependant fische incorpore aussi une détection améliorée du tempo, ce qui garantie une expérience visuelle de qualité</description>
    <description lang="fr_FR">fishBMC est basé sur fische, un outil de visualisation sonore. Le principe de base est : dessiner des ondes et déplacer le tracé sur les vecteurs prédéfinit. Cependant fische incorpore aussi un système de détection des battements, ce qui garantie une grande expérience visuelle.</description>
    <description lang="gl_ES">fishBMC está baseado en fische, unha ferramenta autónoma de visualización de sons. O principio básico é: debuxar as formas de onda e pintalas ao longo dos vectores predefinidos. E posíbel que fische tamén incorpore detección avanzada de golpes, que realmente garante unha grande experiencia visual.</description>
    <description lang="he_IL">fishBMC מבוסס על fische, כלי לחיזוי סאונד. העקרון הבסיסי הוא: צייר צורת גל ומרח את הציור לאורך הוקטורים המוגדרים מראש. אבל fische הוא גם שילוב מקצועי של זיהוי מקצבים, אשר מעניק חווית חיזוי נהדרת.</description>
    <description lang="hr_HR">fishBMC je temeljen na fische, samostalnom alatu zvučne vizualizacije. Osnovno načelo je: iscrtati valni oblik i razmazati crtež unaprijed određenim vektorima. Međutim fische isto uključuje napredno otkrivanje taktova, koje uistinu jamči sjajno vizualno iskustvo.</description>
    <description lang="hu_HU">fishBMC a fische-n alapul, egy önálló hangvizualizációs eszköz. A fő célkitűzése: a hanghullám kirajzolása és előre megadott vektorok szerinti módosítása. Viszont a fische szintén alkalmaz egy haladó ütemérzékelőt, ami tényleg garantálja a nagyszerű vizuális élményt.</description>
    <description lang="id_ID">fishBMC didasarkan fische, alat visualisasi suara yang berdiri sendiri. Prinsip dasarnya adalah mengambar gelombang dan mengaburkannya sepanjang vektor yang telah ditentukan. Namun fische juga mengikutsertakan deteksi ketukan yang canggih, yang akan menjamin pengalaman visual yang hebat.</description>
    <description lang="it_IT">fishBMC si basa su fische, uno strumento di visualizzazione del suono standalone. Il principio di base è: disegnare la forma d'onda e spalmare il disegno lungo i vettori predefiniti. Tuttavia fische incorpora anche il rilevamento di battito avanzato, che garantisce un'ottima esperienza visiva.</description>
    <description lang="ko_KR">fishBMC는 독립형 사운드 시각화 도구인 fische를 기반으로 합니다. 기본 원리는 파형을 그리고 미리 정의된 벡터를 따라 그림을 그리는 것입니다. 그러나 fische에는 고급 비트 감지 기능도 포함되어 있어 뛰어난 시각적 경험을 보장합니다.</description>
    <description lang="lv_LV">fishBMC pamatā ir savrups skaņas vizualizācijas rīks "fische". Pamatdoma ir zīmēt skaņas viļņus un iztriept tos pa iepriekš noteiktiem vektoriem. Tomēr fische iekļauta arī papildus ritma noteikšanas metode, kas patiešām garantē lielisku vizuālo baudījumu.</description>
    <description lang="nl_NL">FishBMC is gebaseerd op fische, een zelfstandige geluidsvisualisatie tool. Het basis principe is: Teken de golfvorm en veeg de tekening rondom voor ingestelde richting. Echter fische brengt eveneens geavanceerde beat detectie, wat echt een grote visuele beleving garandeerd.</description>
    <description lang="pl_PL">fishBMC bazuje na fische, samodzielne narzędzie do wizualizacji muzyki. Podstawową zasadą jest generowanie wykresu fali i rozmazywanie go wzdłuż zdefiniowanych wektorów. Ponadto fische zawiera również zaawansowaną detekcję rytmu, co gwarantuje wspaniałe wrażenia wizualne.</description>
    <description lang="pt_BR">fishBMC é baseado no fische, uma ferramenta de visualização de som independente. O princípio básico é: desenhar a forma de onda e esmaecer o desenho ao longo de vetores pré-definidos. Entretanto fische também incorpora detecção avançada de batidas, o que realmente garante uma grande experiência visual.</description>
    <description lang="pt_PT">O fishBMC é baseado no fische, uma ferramenta autónoma de visualização de sons. O princípio básico é desenhar a onda e deformar o desenho através de vectores pré-definidos. No entanto, o fische também incorpora detecção avançada de ritmos, garantindo uma excelente experiência visual.</description>
    <description lang="sk_SK">fishBMC je založený na fische, samostatnom nástroji na vizualizáciu. Základným princípom je: nakresliť priebeh signálu a rozmazať kresbu pozdĺž predefinovaných vektorov. Navyše fische obsahuje aj pokročilú detekciu rytmu, čo garantuje skutočný vizuálny zážitok.</description>
    <description lang="sl_SI">fishBMC temelji na fischeu, samostojnem zvočno vizualizacijskem orodju. Osnovno načelo je: nariši valovni način in ga razmaži vzdolž vnaprej določenih vektorjev. Fische prav tako vključuje tudi napredno zaznavanje ritma, ki resnično zagotavlja odlično vizualno izkušnjo.</description>
    <description lang="sv_SE">fishBMC är baserat på fische, ett fristående verktyg för ljudvisualisering. Den grundläggande principen är: rita en vågform och smeta ut den längs förbestämda vektorer. fische inkluderar även avancerad rytmdetektion, vilket verkligen garanterar en härlig visuell upplevelse.</description>
    <description lang="ta_IN">fische என்பது ஒரு முழுமையான ஒலி காட்சிப்படுத்தல் கருவி இதை சார்ந்ததாகும் fishBMC என்பது. அடிப்படை கொள்கை ஆனது: அலைவடிவம் வரையவும் மற்றும் முன்வடிவகிக்கபட்ட வெக்டார்கள் சேர்த்து வரையப்படும். ஆனால் fische ஆனது மேலும் மேம்பட்ட துடிப்பு கண்டறிதல் திறனை உள்ளடக்கியது, உண்மையில் ஒரு காட்சி அனுபவத்தை உறுதி செய்யும்.</description>
    <description lang="tg_TJ">fishBMC дар асоси fische, абзори алоҳида барои таҷассуми садо, амал мекунад. Қоидаи асосӣ: кашидани векторҳои мавҷшакл ва бетартиб. Инчунин fische муайянкунии зарбазании иловагии дарунсохтро таъмин менамояд, ки дар ҳақиқат таҷассуми аҷибро замонат медиҳад.</description>
    <description lang="zh_CN">fishBMC 基于一个独立的声音可视化工具 fische。基本原理是：绘制波型并按预定的顶点涂抹。fische 还采用了先进的节拍检测，从而真正保证了绝佳的视觉体验。</description>
    <disclaimer lang="af_ZA">As dit iets breek, bly die stukke joune.</disclaimer>
    <disclaimer lang="ar_SA">إذا سبب هذا تحطم أى شيئ، فستبقي القطع ملكك!</disclaimer>
    <disclaimer lang="bg_BG">Ако "счупи" нещо - парчетата остават за Вас!</disclaimer>
    <disclaimer lang="ca_ES">Si això trenca alguna cosa, ja t'hem avisat.</disclaimer>
    <disclaimer lang="da_DK">Hvis dette ødelægger noget, er stykkerne dine.</disclaimer>
    <disclaimer lang="de_DE">Für eventuelle Schäden wird keine Haftung übernommen.</disclaimer>
    <disclaimer lang="el_GR">Αν σπάσει τίποτα, θα σας μείνουν τα κομμάτια.</disclaimer>
    <disclaimer lang="en_AU">If this breaks anything, the pieces remain yours.</disclaimer>
    <disclaimer lang="en_GB">If this breaks anything, the pieces remain yours.</disclaimer>
    <disclaimer lang="en_NZ">If this breaks anything, the pieces remain yours.</disclaimer>
    <disclaimer lang="es_ES">Si esto rompe alguna cosa, te puedes quedar con los trozos.</disclaimer>
    <disclaimer lang="es_MX">Si esto rompe algo, las piezas siguen siento tuyas.</disclaimer>
    <disclaimer lang="et_EE">kui see midagi lõhub, siis võid tükid endale jätta.</disclaimer>
    <disclaimer lang="fi_FI">Jos tämä särkee jotakin, jäävät sirpaleet sinulle.</disclaimer>
    <disclaimer lang="fr_CA">Si ça brise, vous gardez les morceaux.</disclaimer>
    <disclaimer lang="fr_FR">Si cela casse quelque chose, les pièces restent les vôtres.</disclaimer>
    <disclaimer lang="gl_ES">Se isto estraga algunha cousa, pode quedar cas pezas.</disclaimer>
    <disclaimer lang="hr_HR">Ako ovo slomi nešto, komadići ostaju vama.</disclaimer>
    <disclaimer lang="hu_HU">Ha ez összetör valamit attól a darabok még a tieid maradnak.</disclaimer>
    <disclaimer lang="id_ID">Kalau ini merusakkan suatu, pecahannya tetap menjadi milik anda.</disclaimer>
    <disclaimer lang="it_IT">se si rompe qualcosa, i cocci sono vostri.</disclaimer>
    <disclaimer lang="ko_KR">이것이 깨지면 조각은 당신의 것으로 남습니다.</disclaimer>
    <disclaimer lang="lt_LT">Jei tai sugenda nieko, gabaliukai lieka tavo.</disclaimer>
    <disclaimer lang="lv_LV">Ja tas kaut ko saplēš, lauskas paliek tev.</disclaimer>
    <disclaimer lang="nl_NL">Gebruik maken van deze visualisatie is op eigen risico.</disclaimer>
    <disclaimer lang="pl_PL">Jeśli to rozbije cokolwiek, kawałki pozostaną Twoje.</disclaimer>
    <disclaimer lang="pt_BR">se isto quebrar algo, as peças serão suas.</disclaimer>
    <disclaimer lang="pt_PT">Se isto quebrar alguma coisa, pode ficar com as peças.</disclaimer>
    <disclaimer lang="sk_SK">Ak toto niečo rozbije, kúsky vám ostanú.</disclaimer>
    <disclaimer lang="sl_SI">V primeru, da to karkoli zlomi, koščki ostanejo vaši.</disclaimer>
    <disclaimer lang="sv_SE">Om detta skulle förstöra något så kan du behålla resterna.</disclaimer>
    <disclaimer lang="ta_IN">எதையாவது இது உடைக்குமேயானால், உடைந்த துகல்கள் உங்களுடையது.</disclaimer>
    <disclaimer lang="tg_TJ">Агар ин чизеро вайрон кунад, шумо қисмҳоро мегиред.</disclaimer>
    <disclaimer lang="zh_CN">用者责任自负。</disclaimer>
  </extension>
</addon>
