<?xml version="1.0" encoding="UTF-8" standalone="yes"?>
<addon id="service.system.docker"
       name="Docker"
       version="21.2.8"
       provider-name="Team CoreELEC">
  <requires>
    <import addon="xbmc.python" version="3.0.0"/>

  </requires>
  <extension point="xbmc.service" library="default.py">
    <provides></provides>
  </extension>
  <extension point="xbmc.addon.metadata">
    <summary>Docker is an open-source engine that automates the deployment of any application as a lightweight, portable, self-sufficient container that will run virtually anywhere.</summary>
    <description>
Docker containers can encapsulate any payload, and will run consistently on and between virtually any server. The same container that a developer builds and tests on a laptop will run at scale, in production*, on VMs, bare-metal servers, OpenStack clusters, public instances, or combinations of the above.
    </description>
    <disclaimer>

    </disclaimer>
    <platform>all</platform>
    <news>
2

- containerd: update to 1.7.18
- cli: update to 26.1.4
- go: update to 1.22.4
- moby: update to 26.1.4
    </news>
    <assets>
      <icon>resources/icon.png</icon>
      <fanart>resources/fanart.png</fanart>

    </assets>
  </extension>
</addon>
