<?xml version="1.0" encoding="UTF-8"?>
<addon id="game.libretro.mrboom" name="Mr.Boom (Bomberman)" version="5.3.0.157.1" provider-name="Remdy">
  <requires>
    <import addon="game.libretro" version="1.0.0"/>
    <import addon="game.controller.default" version="1.0.0"/>
  </requires>
  <extension point="kodi.gameclient" library_linux="game.libretro.mrboom.so">
    <platforms/>
    <extensions/>
    <supports_vfs>true</supports_vfs>
    <supports_standalone>true</supports_standalone>
    <requires_opengl>false</requires_opengl>
  </extension>
  <extension point="xbmc.addon.metadata">
    <license>MIT</license>
    <platform/>
    <source>https://github.com/kodi-game/game.libretro.mrboom</source>
    <assets>
      <icon>resources/icon.png</icon>
      <fanart>resources/fanart.jpg</fanart>
      <screenshot>resources/screenshot-01.jpg</screenshot>
      <screenshot>resources/screenshot-02.jpg</screenshot>
      <screenshot>resources/screenshot-03.jpg</screenshot>
    </assets>
    <summary lang="da_DK">Mr.Boom (Bomberman)</summary>
    <summary lang="en_GB">Mr.Boom (Bomberman)</summary>
    <summary lang="es_ES">Mr.Boom (Bomberman)</summary>
    <summary lang="it_IT">Mr.Boom (Bomberman)</summary>
    <summary lang="zh_CN">炸弹人</summary>
    <description lang="da_DK">Mr.Boom er en freeware 8-spiller Bomberman klon. Den har bomber, fjernbetjeninger, kænguru-ridning og meget mere.</description>
    <description lang="de_DE">Mr.Boom ist ein kostenloser Bomberman-Klon für 8 Spieler. Es bietet das Werfen von Bomben, Fernbedienungen, Känguru-Reiten und mehr.</description>
    <description lang="en_GB">Mr.Boom is a freeware 8-player Bomberman clone. It features pushing bombs, remote controls, kangaroo riding, and more.</description>
    <description lang="es_ES">Mr.Boom es un clon gratuito de Bomberman para 8 jugadores. Entre sus funciones se encuentran empujar bombas, mandos a distancia, montar canguros y mucho más.</description>
    <description lang="it_IT">Mr.Boom è un clone gratuito di Bomberman per 8 giocatori. Offre funzionalità come il trascinamento delle bombe, i comandi a distanza, la cavalcatura di canguri e altro ancora.</description>
    <description lang="zh_CN">Mr.Boom 是一个自由软件的8玩家《炸弹人》游戏克隆。它以推炸弹、遥控、袋鼠骑行等为特色。</description>
  </extension>
</addon>
