<?xml version="1.0" encoding="UTF-8" standalone="yes"?>
<addon id="driver.dvb.sundtek-mediatv"
       name="Sundtek MediaTV"
       version="21.2.0"
       provider-name="Team CoreELEC">
  <requires>
    <import addon="xbmc.python" version="3.0.0"/>

  </requires>
  <extension point="xbmc.service" library="default.py">
    <provides></provides>
  </extension>
  <extension point="xbmc.addon.metadata">
    <summary>Sundtek MediaTV: a Linux driver to add support for SUNDTEK USB DVB devices</summary>
    <description>
Install this to add support for Sundtek USB DVB devices.
    </description>
    <disclaimer>

    </disclaimer>
    <platform>all</platform>
    <news>
initial release
    </news>
    <assets>
      <icon>resources/icon.png</icon>
      <fanart>resources/fanart.png</fanart>

    </assets>
  </extension>
</addon>
