<?xml version="1.0" encoding="UTF-8"?>
<addon id="audiodecoder.upse" version="21.0.2.1" name="PSF Audio Decoder" provider-name="spiff">
  <requires>
    <import addon="kodi.binary.global.main" minversion="2.0.0" version="2.0.2"/>
    <import addon="kodi.binary.global.filesystem" minversion="1.1.7" version="1.1.8"/>
    <import addon="kodi.binary.instance.audiodecoder" minversion="4.0.0" version="4.0.0"/>
  </requires>
  <extension point="kodi.audiodecoder" name="psf" tags="true" library_linux="audiodecoder.upse.so.21.0.2">
    <support>
      <extension name=".psf">
        <description>30100</description>
      </extension>
      <extension name=".minipsf">
        <description>30101</description>
      </extension>
    </support>
  </extension>
  <extension point="xbmc.addon.metadata">
    <platform/>
    <license>GPL-2.0-or-later</license>
    <source>https://github.com/xbmc/audiodecoder.upse</source>
    <assets>
      <icon>resources/icon.png</icon>
    </assets>
    <summary lang="af_ZA">Portable Sound Format (PSF) Oudio Dekodeerder</summary>
    <summary lang="ca_ES">Descodificador d'àudio Portable Sound Format (PSF)</summary>
    <summary lang="da_DK">Portable Sound Format (PSF) lydafkoder</summary>
    <summary lang="de_DE">Portable Sound Format (PSF) Audio Decoder</summary>
    <summary lang="en_GB">Portable Sound Format (PSF) Audio Decoder</summary>
    <summary lang="es_ES">Decodificador de Audio Portable Sound Format (PSF)</summary>
    <summary lang="et_EE">Portable Sound Format (PSF) helidekooder</summary>
    <summary lang="fr_FR">Décodeur audio au format audio portable (PSF)</summary>
    <summary lang="hr_HR">Portable Sound Format (PSF) zvučni dekôder</summary>
    <summary lang="it_IT">Decodificatore audio PSF (Portable Sound Format)</summary>
    <summary lang="ko_KR">포터블 사운드 포맷 (PSF) 오디오 디코더</summary>
    <summary lang="pt_BR">Decodificador de Áudio em Formato de Som Portátil (PSF)</summary>
    <summary lang="ru_RU">Аудиодекодер Portable Sound Format (PSF)</summary>
    <summary lang="zh_CN">便携式声音格式（PSF）音频解码器</summary>
    <description lang="ca_ES">Afegeix suport de descodificació per a fitxers Sony Playstation Sound Format (.PSF/.MINIPSF).</description>
    <description lang="da_DK">Tilføjer afkodningsunderstøttelse til Sony Playstation Sound Format-filer (.PSF/.MINIPSF).</description>
    <description lang="de_DE">Fügt Dekodierungsunterstützung für Sony Playstation Sound Format-Dateien (.PSF/.MINIPSF) hinzu.</description>
    <description lang="en_GB">Adds decoding support for Sony Playstation Sound Format files (.PSF/.MINIPSF).</description>
    <description lang="es_ES">Añade soporte de decodificación para archivos Sony Playstation Sound Format (.PSF/.MINIPSF).</description>
    <description lang="et_EE">Lisab Sony Playstationi helivormingu failide (.PSF/.MINIPSF) dekodeerimise toe.</description>
    <description lang="fi_FI">Lisää Sony PlayStation Sound Format -tiedostojen dekoodaustuen (.PSF/.MINIPSF).</description>
    <description lang="fr_FR">Ajoute la prise en charge du décodage des fichiers Sony Playstation Sound Format (.PSF/.MINIPSF).</description>
    <description lang="hr_HR">Daje podršku dekôdiranja za Sony Playstation zvučni format (.PSF/.MINIPSF).</description>
    <description lang="it_IT">Aggiunge il supporto per la decodifica per i file Sony Playstation Sound Format (.PSF/.MINIPSF).</description>
    <description lang="ko_KR">소니 플레이스테이션 사운드 형식 파일(.PSF/.MINIPSF)에 대한 디코딩 지원을 추가합니다.</description>
    <description lang="pt_BR">Adiciona suporte de decodificação para arquivos Sony Playstation Sound Format (.PSF/.MINIPSF).</description>
    <description lang="ru_RU">Добавлена поддержка декодирования файлов Sony Playstation Sound Format (.PSF/.MINIPSF).</description>
    <description lang="zh_CN">添加对索尼 Playstation 声音格式文件（.PSF/.MINIPSF）的解码支持。</description>
  </extension>
</addon>
