<?xml version="1.0" encoding="UTF-8"?>
<addon id="imagedecoder.mpo" version="21.0.2.1" name="MPO image decoder" provider-name="spiff">
  <requires>
    <import addon="kodi.binary.global.main" minversion="2.0.0" version="2.0.2"/>
    <import addon="kodi.binary.global.filesystem" minversion="1.1.7" version="1.1.8"/>
    <import addon="kodi.binary.instance.imagedecoder" minversion="3.0.0" version="3.0.1"/>
  </requires>
  <extension point="kodi.imagedecoder" library_linux="imagedecoder.mpo.so.21.0.2">
    <support>
      <mimetype name="image/mpo">
        <extension>.mpo</extension>
        <description>30100</description>
      </mimetype>
    </support>
  </extension>
  <extension point="xbmc.addon.metadata">
    <platform/>
    <license>GPL-2.0-or-later</license>
    <source>https://github.com/xbmc/imagedecoder.mpo</source>
    <assets>
      <icon>resources/icon.png</icon>
    </assets>
    <summary lang="af_ZA">Multi Picture Object (MPO) beeld dekodeerder</summary>
    <summary lang="ca_ES">Descodificador d'imatge Multi Picture Object (MPO)</summary>
    <summary lang="cs_CZ">Dekodér obrázků Multi Picture Object (MPO)</summary>
    <summary lang="da_DK">Multi Picture Object (MPO) billedafkoder</summary>
    <summary lang="de_DE">Multi Picture Object (MPO) Bilddekodierer</summary>
    <summary lang="en_GB">Multi Picture Object (MPO) image decoder</summary>
    <summary lang="es_ES">Decodificador de imagen Multi Picture Object (MPO)</summary>
    <summary lang="et_EE">Multi Picture Object (MPO) pildidekooder</summary>
    <summary lang="fi_FI">Multi Picture Object (MPO) -muotoisten kuvien luku</summary>
    <summary lang="fr_FR">Décodeur d'image Multi Picture Object (MPO)</summary>
    <summary lang="hr_HR">Multi Picture Object (MPO) slikovni dekôder</summary>
    <summary lang="id_ID">Dekoder gambar Multi Picture Object (MPO)</summary>
    <summary lang="it_IT">Decodificatore di immagini MPO (Multi Picture Object)</summary>
    <summary lang="ko_KR">Multi Picture Object (MPO) 이미지 디코더</summary>
    <summary lang="lv_LV">Vairāku attēlu objektu (MPO) attēlu dekodētājs</summary>
    <summary lang="nb_NO">Multi Picture Object (MPO)-bildedekoder</summary>
    <summary lang="pl_PL">Dekoder obrazu Multi Picture Object (MPO)</summary>
    <summary lang="pt_BR">Decodificador de imagem Multi Picture Object (MPO)</summary>
    <summary lang="pt_PT">Decodificador de imagens MPO (Multi Picture Object)</summary>
    <summary lang="ru_RU">Декодер изображений Multi Picture Object (MPO)</summary>
    <summary lang="sk_SK">Dekodér obrazkov MPO (Multi Picture Object)</summary>
    <summary lang="sv_SE">Multi Picture Object (MPO) bildavkodare</summary>
    <summary lang="zh_CN">多图片对象（MPO）图像解码器</summary>
    <description lang="af_ZA">'n Byvoegsel om MPO (Multiple Picture Object) lêers te dekodeer. Hierdie word hoofsaaklik gebruik vir 3D kameras en die Nintendo 3DS.</description>
    <description lang="ca_ES">Un complement per descodificar fitxers MPO (objecte d'imatge múltiple). S'utilitzen principalment per a càmeres 3D i la Nintendo 3DS.</description>
    <description lang="cs_CZ">Doplněk pro dekódování MPO (multiple picture object) souborů. Převážně používané pro 3D kamery a Nintendo 3DS.</description>
    <description lang="da_DK">Et add-on til at afkode MPO (multiple picture object) filer. Disse bruges hovedsageligt til 3D-kameraer og Nintendo 3DS.</description>
    <description lang="de_DE">Ein Addon zum Dekodieren von MPO-Dateien (Multiple Picture Object). Diese werden hauptsächlich für 3D-Kameras und den Nintendo 3DS verwendet.</description>
    <description lang="en_GB">An addon to decode MPO (multiple picture object) files. These are used mainly for 3D cameras and the Nintendo 3DS.</description>
    <description lang="es_ES">Un addon para decodificar archivos MPO (Multiple Picture Object). Usados principalmente por la cámara 3D de la Nintendo 3DS.</description>
    <description lang="et_EE">Lisamoodul MPO (multiple picture object) failide dekodeerimiseks. Neid kasutatakse peamiselt 3D-kaamerate ja Nintendo 3DS jaoks.</description>
    <description lang="fi_FI">Lisäosa MPO (multiple picture objec) -tiedostojen purkuun. Näitä tiedostoja käytetään lähinnä 3D-kameroissa ja Nintendo 3DS -pelilaitteessa.</description>
    <description lang="fr_FR">Un addon pour décoder les fichiers MPO (multiple picture object). Ceux-ci sont principalement utilisés pour les caméras 3D et la Nintendo 3DS.</description>
    <description lang="hr_HR">Dodatak za dekôdiranje MPO (više slikovnih objekta) datoteka. To uglavnom koriste 3D kamere i Nintendo 3DS.</description>
    <description lang="id_ID">Sebuah pengaya untuk mendekode berkas MPO (multiple picture object). Ini biasanya digunakan untuk kamera 3D dan Nintendo 3DS.</description>
    <description lang="it_IT">Un Add-on per decodificare i file MPO (multiple picture object). Questi sono utilizzati principalmente per le fotocamere 3D e il Nintendo 3DS.</description>
    <description lang="ko_KR">MPO(multiple picture object) 파일을 디코딩하는 애드온입니다. 주로 3D 카메라와 Nintendo 3DS에 사용됩니다.</description>
    <description lang="lv_LV">Papildinājums MPO (vairāku attēlu objektu) failu dekodēšanai. Tos galvenokārt izmanto 3D kamerās un Nintendo 3DS.</description>
    <description lang="nb_NO">En utvidelse for å dekode MPO (multiple picture object)-filer. Disse brukes hovedsakelig til 3D-kameraer og Nintendo 3DS.</description>
    <description lang="pl_PL">Dodatek do dekodowania plików MPO (Multi Picture Object). Są one używane głównie w aparatach 3D i Nintendo 3DS.</description>
    <description lang="pt_BR">Um add-on para decodificar arquivos MPO (multiple picture object). São usados principalmente para câmeras 3D e Nintendo 3DS.</description>
    <description lang="pt_PT">Um add-on para decodificar ficheiros MPO (objecto de imagem múltipla). Estes são utilizados principalmente para câmaras 3D e o Nintendo 3DS.</description>
    <description lang="ru_RU">Дополнение для декодирования файлов MPO (multiple picture object). Они используются в основном для 3D-камер и Nintendo 3DS.</description>
    <description lang="sk_SK">Doplnok na dekódovanie súborov MPO (multiple picture object). Používajú sa najmä pre 3D kamery a Nintendo 3DS.</description>
    <description lang="sv_SE">Ett tillägg för att avkoda MPO-filer (multiple picture object). Dessa används främst för 3D-kameror och Nintendo 3DS.</description>
    <description lang="zh_CN">用于解码 MPO（Multi Picture Object 多图片对象）文件的插件。主要用于3D相机和任天堂3DS。</description>
  </extension>
</addon>
