<?xml version="1.0" encoding="UTF-8"?>
<addon id="audiodecoder.snesapu" version="21.0.2.1" name="SPC Audio Decoder" provider-name="spiff">
  <requires>
    <import addon="kodi.binary.global.main" minversion="2.0.0" version="2.0.2"/>
    <import addon="kodi.binary.global.general" minversion="1.0.4" version="1.0.5"/>
    <import addon="kodi.binary.global.filesystem" minversion="1.1.7" version="1.1.8"/>
    <import addon="kodi.binary.global.tools" minversion="1.0.0" version="1.0.4"/>
    <import addon="kodi.binary.instance.audiodecoder" minversion="4.0.0" version="4.0.0"/>
    <import addon="vfs.rar" minversion="21.0.2"/>
  </requires>
  <extension point="kodi.audiodecoder" name="spc" tags="true" tracks="true" library_linux="audiodecoder.snesapu.so.21.0.2">
    <support>
      <extension name=".spc">
        <description>30200</description>
      </extension>
      <extension name=".rsn">
        <description>30201</description>
      </extension>
    </support>
  </extension>
  <extension point="xbmc.addon.metadata">
    <platform/>
    <license>GPL-2.0-or-later</license>
    <source>https://github.com/xbmc/audiodecoder.snesapu</source>
    <assets>
      <icon>resources/icon.png</icon>
    </assets>
    <summary lang="ca_ES">Descodificador de dades de fitxers de so SNES-SPC700</summary>
    <summary lang="da_DK">SNES-SPC700 lydfil dataafkoder</summary>
    <summary lang="de_DE">SNES-SPC700 Sound File Data Decoder</summary>
    <summary lang="en_GB">SNES-SPC700 Sound File Data Decoder</summary>
    <summary lang="es_ES">Decodificador de Archivos de Datos de Sonido SNES-SPC700</summary>
    <summary lang="fr_FR">Décodeur de données de fichiers audio SNES-SPC700</summary>
    <summary lang="hr_HR">SNES-SPC700 zvučni dekôder</summary>
    <summary lang="id_ID">SNES-SPC700 Sound File Data Dekoder</summary>
    <summary lang="it_IT">Decodificatore dati dei file audio SNES-SPC700</summary>
    <summary lang="ko_KR">SNES-SPC700 사운드 파일 데이터 디코더</summary>
    <summary lang="pt_BR">Decodificador de Dados de Arquivo de Som SNES-SPC700</summary>
    <summary lang="ru_RU">Декодер данных звуковых файлов SNES-SPC700</summary>
    <summary lang="zh_CN">SNES-SPC700 声音文件数据解码器</summary>
    <description lang="da_DK">SPC-formatet indeholder Super Nintendo (SNES) spilmusik. Det er opkaldt efter Sonys SPC700-bidrag til SNES's S-SMP-lydchip. SNES var et stort spring i lydteknologi fra NES, hvilket muliggjorde stereolyd, flere kanaler og fuldt samplede instrumenter.</description>
    <description lang="de_DE">Das SPC-Format enthält Super Nintendo (SNES) Spielmusik. Es ist nach Sonys SPC700-Beitrag zum S-SMP-Audio-Chip des SNES benannt. Das SNES war ein großer Sprung in der Audiotechnologie des NES, der Stereoklang, mehr Kanäle und vollständig gesampelte Instrumente ermöglichte.</description>
    <description lang="en_GB">The SPC format holds Super Nintendo (SNES) game music. It is named after Sony's SPC700 contribution to the SNES's S-SMP audio chip. The SNES was a major jump in audio technology from the NES allowing for stereo sound, more channels, and fully sampled instruments.</description>
    <description lang="es_ES">El formato SPC contiene la música de los juegos de Super Nintendo (SNES). Se llamó así tras la contribución del SPC700 de Sony al chip de audio S-SMP de SNES. La SNES fue un gran salto en la tecnología de audio desde el NES, permitiendo el audio estéreo, más canales e instrumentos completamente muestreados.</description>
    <description lang="fr_FR">Le format SPC contient la musique des jeux Super Nintendo (SNES). Il porte le nom de la contribution SPC700 de Sony à la puce audio S-SMP de la SNES. Le SNES a été un saut majeur dans la technologie audio de la NES permettant un son stéréo, plus de canaux et des instruments entièrement échantillonnés.</description>
    <description lang="hr_HR">SPC format je za Super Nintendo (SNES) glazbu u igrama. Imenovan je nakon Sonyjevog SPC700 doprinosa SNES's S-SMP zvučnom čipu. SNES je velik skok u zvučnoj tehnologiji za NES omogućujući stereo zvuk, više kanala, i potpune primjerke instrumenata.</description>
    <description lang="id_ID">Format SPC menyimpan musik game Super Nintendo (SNES). Dinamai setelah kontribusi Sony SPC700 pada chip audio S-SMP NES. SNES adalah lompatan besar dalam teknologi audio dari NES yang memungkinkan suara stereo, lebih banyak saluran, dan instrumen sampel penuh.</description>
    <description lang="it_IT">Il formato SPC contiene la musica dei giochi Super Nintendo (SNES). Prende il nome dal contributo SPC700 di Sony al chip audio S-SMP di SNES. Il SNES è stato un importante salto nella tecnologia audio rispetto al NES consentendo un suono stereo, più canali e strumenti completamente campionati.</description>
    <description lang="ko_KR">SPC 형식에는 슈퍼 닌텐도(SNES) 게임 음악이 들어 있습니다. SNES의 S-SMP 오디오 칩에 대한 Sony의 SPC700 기여에서 이름 붙여졌습니다. SNES는 스테레오 사운드, 더 많은 채널 및 완전히 샘플링된 악기를 허용하는 NES에서 오디오 기술의 주요한 진보였습니다.</description>
    <description lang="pt_BR">O formato SPC contém músicas de jogos do Super Nintendo (SNES). Seu nome vem da contribuição SPC700 da Sony para o chip de áudio S-SMP do SNES. O SNES foi um grande salto na tecnologia de áudio do NES, permitindo som estéreo, mais canais e instrumentos totalmente amostrados.</description>
    <description lang="ru_RU">В формате SPC хранится музыка из игр Super Nintendo (SNES). Он назван в честь вклада компанией Sony SPC700 в аудиочип S-SMP. SNES была большим скачком в технологии обработки звука по сравнению с NES, позволяя получить стереозвук, больше каналов и полностью сэмплированные инструменты.</description>
    <description lang="zh_CN">SPC 格式保存超级任天堂（SNES）游戏音乐。它是以索尼 SPC700 对 SNES s-SMP 音频芯片的贡献命名的。SNES 是从 NES 到立体声、更多声道和全采样乐器的音频技术的重大飞跃。</description>
  </extension>
</addon>
