<?xml version="1.0" encoding="UTF-8"?>
<addon id="pvr.plutotv" version="21.1.1.1" name="Pluto.tv PVR Client" provider-name="Team Kodi, flubshi">
  <requires>
    <import addon="kodi.binary.global.main" minversion="2.0.0" version="2.0.2"/>
    <import addon="kodi.binary.global.filesystem" minversion="1.1.7" version="1.1.8"/>
    <import addon="kodi.binary.global.tools" minversion="1.0.0" version="1.0.4"/>
    <import addon="kodi.binary.instance.pvr" minversion="8.2.0" version="8.3.0"/>
    <import addon="script.module.inputstreamhelper" version="0.4.1"/>
    <import addon="inputstream.adaptive" minversion="21.0.0"/>
  </requires>
  <extension point="kodi.pvrclient" library_linux="pvr.plutotv.so.21.1.1"/>
  <extension point="xbmc.addon.metadata">
    <platform/>
    <license>GPL-2.0-or-later</license>
    <source>https://github.com/kodi-pvr/pvr.plutotv</source>
    <forum>https://forum.kodi.tv/forumdisplay.php?fid=167</forum>
    <assets>
      <icon>resources/icon.png</icon>
      <screenshot>resources/screenshots/screenshot-01.jpg</screenshot>
      <screenshot>resources/screenshots/screenshot-02.jpg</screenshot>
      <screenshot>resources/screenshots/screenshot-03.jpg</screenshot>
    </assets>
    <summary lang="da_DK">Pluto.tv PVR-klient</summary>
    <summary lang="de_DE">Pluto.tv PVR Client</summary>
    <summary lang="en_GB">Pluto.tv PVR Client</summary>
    <summary lang="es_ES">Cliente PVR Pluto.tv</summary>
    <summary lang="es_MX">Cliente PVR de Pluto.tv</summary>
    <summary lang="fi_FI">Pluto.tv PVR-pääte</summary>
    <summary lang="fr_FR">Client PVR Pluto.tv</summary>
    <summary lang="hr_HR">Pluto.tv PVR klijent</summary>
    <summary lang="it_IT">Client PVR Pluto.tv</summary>
    <summary lang="ko_KR">Pluto.tv PVR 클라이언트</summary>
    <summary lang="pl_PL">Klient PVR Pluto.tv</summary>
    <summary lang="ru_RU">PVR-клиент Pluto.tv</summary>
    <description lang="da_DK">Pluto.tv PVR-klient. Bemærk: Dette er ikke et officielt pluto.tv-add-on og er ikke relateret til pluto.tv. Det er udviklet af frivillige.</description>
    <description lang="de_DE">Pluto.tv PVR Client. Hinweis: Dies ist kein offizielles Pluto.tv-Addon und steht nicht in Verbindung zu Pluto.tv. Es wurde von Freiwilligen entwickelt.</description>
    <description lang="en_GB">Pluto.tv PVR Client. Note: This is not an official pluto.tv add-on and not related to pluto.tv. It was developed by volunteers.</description>
    <description lang="es_ES">Cliente PVR de Pluto.tv. Nota: Este no es un complemento oficial de pluto.tv y no está relacionado con pluto.tv. Fue desarrollado por voluntarios.</description>
    <description lang="es_MX">Cliente PVR de Pluto.tv. Nota: Este no es un complemento oficial de plut.tv y no está relacionado a pluto.tv. Ha sido desarrollado por voluntarios.</description>
    <description lang="fi_FI">Pluto.tv PVR-pääte. Huomioi: Tämä ei ole virallinen pluto.tv-lisäosa, eikä pluto.tv ole osallistunut sen kehitykseen. Lisäosa on vapaaehtoisten kehittämä.</description>
    <description lang="fr_FR">Client PVR Pluto.tv . Remarque : ceci n'est pas un module complémentaire officiel de pluto.tv et n'est pas lié à pluto.tv. Il a été développé par des bénévoles.</description>
    <description lang="hr_HR">Pluto.tv PVR klijent. Napomena: Ovo nije službeni pluto.tv dodatak i nije povezan s pluto.tv. Razvijen je od strane dobrovoljaca.</description>
    <description lang="it_IT">Client PVR Pluto.tv. Nota: questo non è un add-on ufficiale di pluto.tv e non è correlato a pluto.tv. È stato sviluppato da volontari.</description>
    <description lang="ko_KR">Pluto.tv PVR 클라이언트. 참고 : 이것은 공식 pluto.tv 애드온이 아니며 pluto.tv와 관련이 없습니다. 자원 봉사자가 개발했습니다.</description>
    <description lang="pl_PL">Klient PVR Pluto.tv. Uwaga: to nie jest oficjalny dodatek pluto.tv i nie jest powiązany z pluto.tv. Został opracowany przez wolontariuszy.</description>
    <description lang="ru_RU">PVR-клиент Pluto.tv. Примечание: Это не официальное дополнение для pluto.tv и не связано с pluto.tv. Оно было разработано добровольцами.</description>
  </extension>
</addon>
