<?xml version="1.0" encoding="UTF-8"?>
<addon id="pvr.octonet" version="21.0.1.1" name="Digital Devices Octopus NET Client" provider-name="digitaldevices">
  <requires>
    <import addon="kodi.binary.global.main" minversion="2.0.0" version="2.0.2"/>
    <import addon="kodi.binary.global.general" minversion="1.0.4" version="1.0.5"/>
    <import addon="kodi.binary.global.filesystem" minversion="1.1.7" version="1.1.8"/>
    <import addon="kodi.binary.instance.pvr" minversion="8.2.0" version="8.3.0"/>
    <import addon="inputstream.ffmpegdirect" minversion="21.0.1"/>
  </requires>
  <extension point="kodi.pvrclient" library_linux="pvr.octonet.so.21.0.1"/>
  <extension point="xbmc.addon.metadata">
    <platform/>
    <license>GPL-2.0-or-later</license>
    <source>https://github.com/DigitalDevices/pvr.octonet</source>
    <news>
v21.0.1
- Translations updates from Weblate
	- af_za, am_et, ar_sa, ast_es, az_az, be_by, bg_bg, bs_ba, ca_es, cs_cz, cy_gb, da_dk, de_de, el_gr, en_au, en_nz, en_us, eo, es_ar, es_es, es_mx, et_ee, eu_es, fa_af, fa_ir, fi_fi, fo_fo, fr_ca, fr_fr, gl_es, he_il, hi_in, hr_hr, hu_hu, hy_am, id_id, is_is, it_it, ja_jp, ko_kr, lt_lt, lv_lv, mi, mk_mk, ml_in, mn_mn, ms_my, mt_mt, my_mm, nb_no, nl_nl, pl_pl, pt_br, pt_pt, ro_ro, ru_ru, si_lk, sk_sk, sl_si, sq_al, sr_rs, sr_rs@latin, sv_se, szl, ta_in, te_in, tg_tj, th_th, tr_tr, uk_ua, uz_uz, vi_vn, zh_cn, zh_tw

    </news>
    <summary lang="de_DE">Kodi PVR Addon für Digital Devices Octopus NET Streams</summary>
    <summary lang="en_GB">Kodi PVR Addon for Digital Devices Octopus NET Streams</summary>
  </extension>
</addon>
