<?xml version="1.0" encoding="UTF-8" standalone="yes"?>
<addon id="script.firecube.toolbox" name="Fire Cube Toolbox" version="1.5.1" provider-name="pro-me3us">
  <requires>
    <import addon="xbmc.python" version="3.0.0"/>
  </requires>
  <extension point="xbmc.python.script" library="default.py"/>
  <extension point="xbmc.addon.metadata">
    <summary>Amazon Fire TV Cube custom scripts</summary>
    <description>CoreELEC and bootup customizations, includes copying CE to eMMC, syncing BT remotes between FireOS/CE, changing boot order, and more. </description>
    <platform>all</platform>
    <news>
v1.5 (2025-08-27)
- Boot menu bug fixes.
        
v1.4 (2025-07-21)
- Improve CE WiFi speed by ~5-25%. Re-run BT remote sync and reboot to apply patch.

v1.3 (2025-07-17)
- Added new boot menu

v1.2 (2025-07-12)
- eMMC install fix to prevent Cube update message when Cube already updated.

v1.1 (2025-07-11)
- New option to install CommandCraft app to FireOS (fork of Reboot to CoreELEC with all rebooting options for the Cube)
- Addon wording changes, minor CE update tweak

v1.0 (2025-07-08)
- Initial release
        </news>
    <assets>
      <icon>resources/icon.png</icon>
      <fanart>resources/fanart.png</fanart>
      <screenshot>resources/screenshots/screenshot.png</screenshot>
    </assets>
  </extension>
</addon>
