<?xml version="1.0" encoding="UTF-8"?>
<logicaltopology>
  <port id="1">
    <accepts controller="game.controller.3do">
      <port id="1">
        <accepts controller="game.controller.3do">
          <port id="1">
            <accepts controller="game.controller.3do">
              <port id="1">
                <accepts controller="game.controller.3do">
                  <port id="1">
                    <accepts controller="game.controller.3do">
                      <port id="1">
                        <accepts controller="game.controller.3do">
                          <port id="1">
                            <accepts controller="game.controller.3do">
                              <port id="1">
                                <accepts controller="game.controller.3do"/>
                              </port>
                            </accepts>
                          </port>
                        </accepts>
                      </port>
                    </accepts>
                  </port>
                </accepts>
              </port>
            </accepts>
          </port>
        </accepts>
      </port>
    </accepts>
  </port>
</logicaltopology>
