<?xml version="1.0" encoding="UTF-8"?>
<addon id="audiodecoder.usf" version="21.0.2.1" name="USF Audio Decoder" provider-name="spiff">
  <requires>
    <import addon="kodi.binary.global.main" minversion="2.0.0" version="2.0.2"/>
    <import addon="kodi.binary.global.filesystem" minversion="1.1.7" version="1.1.8"/>
    <import addon="kodi.binary.instance.audiodecoder" minversion="4.0.0" version="4.0.0"/>
  </requires>
  <extension point="kodi.audiodecoder" name="usf" tags="true" library_linux="audiodecoder.usf.so.21.0.2">
    <support>
      <extension name=".miniusf">
        <description>30100</description>
        <icon>icon.png</icon>
      </extension>
    </support>
  </extension>
  <extension point="xbmc.addon.metadata">
    <platform/>
    <license>GPL-2.0-or-later</license>
    <source>https://github.com/xbmc/audiodecoder.usf</source>
    <assets>
      <icon>resources/icon.png</icon>
    </assets>
    <summary lang="af_ZA">USF - Nintendo Ultra 64 Klank Formaat Dekodeerder</summary>
    <summary lang="ca_ES">Descodificador USF - Nintendo Ultra 64 Sound Format</summary>
    <summary lang="da_DK">USF - Nintendo Ultra 64 lydformatafkoder</summary>
    <summary lang="de_DE">USF - Nintendo Ultra 64 Sound Format Decoder</summary>
    <summary lang="en_GB">USF - Nintendo Ultra 64 Sound Format Decoder</summary>
    <summary lang="es_ES">Decodificador de Audio Nintendo Ultra 64 - USF</summary>
    <summary lang="et_EE">USF - Nintendo Ultra 64 helivormingu dekooder</summary>
    <summary lang="fr_FR">USF - Décodeur de format sonore Nintendo Ultra 64</summary>
    <summary lang="hr_HR">USF - Nintendo Ultra 64 dekôder zvučnog formata</summary>
    <summary lang="it_IT">USF - Decodificatore del formato audio Nintendo Ultra 64</summary>
    <summary lang="ko_KR">USF - 닌텐도 울트라 64 사운드 포맷 디코더</summary>
    <summary lang="ru_RU">USF - декодер звукового формата Nintendo Ultra 64</summary>
    <summary lang="zh_CN">USF - 任天堂 Ultra64 声音格式解码器</summary>
    <description lang="ca_ES">Aquest és un descodificador que afegeix suport per reproduir fitxers (Ultra) Nintendo 64 Sound format (.USF/.MINIUSF).</description>
    <description lang="da_DK">Dette er en afkoder, der tilføjer understøttelse af afspilning af (Ultra) Nintendo 64 lydformat (.USF/.MINIUSF) filer.</description>
    <description lang="de_DE">Dies ist ein Decoder, der die Wiedergabe von (Ultra) Nintendo 64 Sound-Format-Dateien (.USF / .MINIUSF) unterstützt.</description>
    <description lang="en_GB">This is a decoder which adds support for playing (Ultra) Nintendo 64 Sound format (.USF/.MINIUSF) files.</description>
    <description lang="es_ES">Este decodificador añade soporte para reproducir archivos en formato (Ultra) Nintendo 64 Sound (.USF/.MINIUSF).</description>
    <description lang="et_EE">See on dekooder, mis toetab (Ultra) Nintendo 64 helivormingus (.USF/.MINIUSF) failide esitamist.</description>
    <description lang="fr_FR">Il s'agit d'un décodeur qui prend en charge la lecture de fichiers au format (Ultra) Nintendo 64 Sound (.USF/.MINIUSF).</description>
    <description lang="hr_HR">Ovo je dekôder koji daje podršku za reprodukciju (Ultra) Nintendo 64 zvučnog formata (.USF/.MINIUSF).</description>
    <description lang="it_IT">Questo è un decodificatore che aggiunge il supporto per la riproduzione di file (Ultra) in formato audio Nintendo 64 (.USF/.MINIUSF).</description>
    <description lang="ko_KR">(울트라) 닌텐도 64 사운드 형식(.USF/.MINIUSF) 파일 재생에 대한 지원을 추가하는 디코더입니다.</description>
    <description lang="ru_RU">Этот декодер добавляет поддержку воспроизведения файлов формата (Ultra) Nintendo 64 Sound (.USF/.MINIUSF).</description>
    <description lang="zh_CN">此解码器增加了对播放（Ultra）任天堂 64 声音格式（.USF/.MINIUSF）文件的支持。</description>
  </extension>
</addon>
