<?xml version="1.0" encoding="UTF-8"?>
<window id="13001" type="window">
    <coordinates>
        <system>1</system>
        <posx>0</posx>
        <posy>0</posy>
    </coordinates>

    <controls>
        <!-- Arctic Zephyr Background -->
        <control type="image">
            <left>0</left>
            <top>0</top>
            <width>1920</width>
            <height>1080</height>
            <texture colordiffuse="$VAR[ColorHighlightOtherBar]">bg.jpg</texture>
            <visible>String.Contains(Skin.String(CurrentSkin), arctic.zephyr)</visible>
        </control>

        <!-- Estuary Background -->
        <control type="image">
            <left>0</left>
            <top>0</top>
            <width>1920</width>
            <height>1080</height>
            <texture colordiffuse="primary_background">bg.jpg</texture>
            <visible>String.Contains(Skin.String(CurrentSkin), estuary)</visible>
        </control>

        <!-- Default Background for Unsupported Skins -->
        <control type="image">
            <left>0</left>
            <top>0</top>
            <width>1920</width>
            <height>1080</height>
            <texture colordiffuse="FF00AAAA">bg.jpg</texture>
            <visible>Skin.String(SkinUnsupported)</visible>
        </control>        

        <!-- Fanart Overlay -->
        <control type="image">
            <left>210</left>
            <top>100</top>
            <width>1500</width>
            <height>940</height>
            <texture>../../../fanart.png</texture>
            <aspectratio>scale</aspectratio>
            <colordiffuse>88888888</colordiffuse>
        </control>

        <!-- Dialog Panel Background-->
        <control type="image">
            <left>210</left>
            <top>100</top>
            <width>1500</width>
            <height>940</height>
            <texture border="22">dialog-bg.png</texture>
        </control>

        <!-- Title -->
        <control type="label" id="1">
            <left>230</left>
            <top>130</top>
            <width>1400</width>
            <height>40</height>
            <font>font13_title</font>
            <label>[B]Fire Cube Toolbox[/B]</label>
            <textcolor>FFFF8C00</textcolor>
            <align>center</align>
        </control>

        <!-- Arctic Zephyr Title Separator -->
        <control type="image">
            <left>230</left>
            <top>180</top>
            <width>1460</width>
            <height>2</height>
            <texture colordiffuse="$VAR[ColorHighlightOtherBar]" border="2">separator-grey.png</texture>
            <colordiffuse>window_bg</colordiffuse>
            <visible>String.Contains(Skin.String(CurrentSkin), arctic.zephyr)</visible>
        </control>

        <!-- Estuary Title Separator -->
        <control type="image">
            <left>230</left>
            <top>180</top>
            <width>1460</width>
            <height>2</height>
            <texture colordiffuse="button_focus" border="2">separator-grey.png</texture>
            <colordiffuse>window_bg</colordiffuse>
            <visible>String.Contains(Skin.String(CurrentSkin), estuary)</visible>
        </control>    

        <!-- Default Title Separator -->
        <control type="image">
            <left>230</left>
            <top>180</top>
            <width>1460</width>
            <height>2</height>
            <texture colordiffuse="FF00AAAA" border="2">separator-grey.png</texture>
            <colordiffuse>window_bg</colordiffuse>
            <visible>Skin.String(SkinUnsupported)</visible>
        </control>             

        <!-- Textbox for Arctic Zephyr Mod skin -->
        <control type="textbox" id="1001">
            <left>270</left>
            <top>940</top>
            <width>1360</width>
            <height>150</height>
            <font>Tiny</font>
            <textcolor>white</textcolor>
            <aligny>top</aligny>
            <scrolltime>200</scrolltime>
            <visible>String.Contains(Skin.String(CurrentSkin), arctic.zephyr)</visible>
        </control>

        <!-- Textbox for Estuary skin -->
        <control type="textbox" id="1001">
            <left>270</left>
            <top>940</top>
            <width>1360</width>
            <height>150</height>
            <font>font10</font>
            <textcolor>white</textcolor>
            <aligny>top</aligny>
            <scrolltime>200</scrolltime>
            <visible>String.Contains(Skin.String(CurrentSkin), estuary)</visible>
        </control>  

        <!-- Textbox Default -->
        <control type="textbox" id="1001">
            <left>270</left>
            <top>940</top>
            <width>1360</width>
            <height>150</height>
            <font>font10</font>
            <textcolor>white</textcolor>
            <aligny>top</aligny>
            <scrolltime>200</scrolltime>
            <visible>Skin.String(SkinUnsupported)</visible>
        </control>               

        <!-- Menu List -->
        <control type="list" id="1000">
            <left>230</left>
            <top>180</top>
            <width>1500</width>
            <height>740</height>
            <visible>true</visible>
            <enabled>true</enabled>
            <focusposition>0</focusposition>
            <onup>1000</onup>
            <ondown>1000</ondown>
            <scrolltime>200</scrolltime>
            <itemlayout height="75">
                <control type="label">
                    <left>40</left>
                    <top>20</top>
                    <width>1460</width>
                    <height>35</height>
                    <font>font13</font>
                    <label>$INFO[ListItem.Label]</label>
                    <textcolor>white</textcolor>
                </control>
                <control type="image">
                    <left>0</left>
                    <top>74</top>
                    <width>1460</width>
                    <height>10</height>
                    <texture>separator.png</texture>
                </control>
            </itemlayout>
            <focusedlayout height="75">
                <!-- Arctic Zephyr -->
                <control type="image">
                    <left>0</left>
                    <top>0</top>
                    <width>1460</width>
                    <height>75</height>
                    <texture colordiffuse="$VAR[ColorHighlightOtherBar]">focus.png</texture>
                    <visible>String.Contains(Skin.String(CurrentSkin), arctic.zephyr)</visible>
                </control>
                <!-- Estuary -->
                <control type="image">
                    <left>0</left>
                    <top>0</top>
                    <width>1460</width>
                    <height>75</height>
                    <texture colordiffuse="button_focus">focus.png</texture>
                    <visible>String.Contains(Skin.String(CurrentSkin), estuary)</visible>
                </control>
                <!-- Default -->
                <control type="image">
                    <left>0</left>
                    <top>0</top>
                    <width>1460</width>
                    <height>75</height>
                    <texture colordiffuse="FF00AAAA">focus.png</texture>
                    <visible>Skin.String(SkinUnsupported)</visible>
                </control>                
                <control type="label">
                    <left>40</left>
                    <top>20</top>
                    <width>1460</width>
                    <height>35</height>
                    <font>font13</font>
                    <label>$INFO[ListItem.Label]</label>
                    <textcolor>white</textcolor>
                </control>
                <control type="image">
                    <left>1</left>
                    <top>74</top>
                    <width>1458</width>
                    <height>1</height>
                    <texture>separator-grey.png</texture>
                </control>
            </focusedlayout>
        </control>

        <!-- Menu to Description Separator - Arctic Zephyr -->
        <control type="image">
            <left>230</left>
            <top>930</top>
            <width>1460</width>
            <height>2</height>
            <texture colordiffuse="$VAR[ColorHighlightOtherBar]" border="2">separator-grey.png</texture>
            <colordiffuse>window_bg</colordiffuse>
            <visible>String.Contains(Skin.String(CurrentSkin), arctic.zephyr)</visible>
        </control>

        <!-- Menu to Description Separator - Estuary -->
        <control type="image">
            <left>230</left>
            <top>930</top>
            <width>1460</width>
            <height>2</height>
            <texture colordiffuse="button_focus" border="2">separator-grey.png</texture>
            <colordiffuse>window_bg</colordiffuse>
            <visible>String.Contains(Skin.String(CurrentSkin), estuary)</visible>
        </control>

        <!-- Menu to Description Separator - Default -->
        <control type="image">
            <left>230</left>
            <top>930</top>
            <width>1460</width>
            <height>2</height>
            <texture colordiffuse="FF00AAAA" border="2">separator-grey.png</texture>
            <colordiffuse>window_bg</colordiffuse>
            <visible>Skin.String(SkinUnsupported)</visible>
        </control>
    </controls>
</window>
