<?xml version="1.0" encoding="UTF-8"?>
<addon id="vfs.sftp" version="21.0.2.1" name="SFTP support" provider-name="spiff">
  <requires>
    <import addon="kodi.binary.global.main" minversion="2.0.0" version="2.0.2"/>
    <import addon="kodi.binary.global.general" minversion="1.0.4" version="1.0.5"/>
    <import addon="kodi.binary.instance.vfs" minversion="3.0.1" version="3.0.1"/>
  </requires>
  <extension point="kodi.vfs" protocols="sftp|ssh" files="true" directories="true" supportDialog="true" supportPath="true" supportUsername="true" supportPassword="true" supportPort="true" supportBrowsing="false" supportWrite="true" defaultPort="22" type="sftp" label="20260" zeroconf="_sftp-ssh._tcp" library_linux="vfs.sftp.so.21.0.2"/>
  <extension point="xbmc.addon.metadata">
    <platform/>
    <license>GPL-2.0-or-later</license>
    <source>https://github.com/xbmc/vfs.sftp</source>
    <assets>
      <icon>resources/icon.png</icon>
    </assets>
    <summary lang="ca_ES">Suport del protocol de transferència de fitxers SSH</summary>
    <summary lang="cs_CZ">Podpora protokolu SSH File Transfer</summary>
    <summary lang="da_DK">Understøttelse af SSH filoverførselses-protokol (SSH File Transfer Protocol)</summary>
    <summary lang="de_DE">Unterstützung für SSH File Transfer Protocol</summary>
    <summary lang="en_GB">SSH File Transfer Protocol support</summary>
    <summary lang="es_ES">Compatibilidad con protocolo de transferencia de archivos SSH</summary>
    <summary lang="es_MX">Soporte para FTP mediante SSH</summary>
    <summary lang="et_EE">SSH failiedastusprotokolli tugi</summary>
    <summary lang="fi_FI">SFTP (SSH File Transfer Protocol) -protokollan tuki</summary>
    <summary lang="fr_FR">Prise en charge du protocole de transfert de fichiers SSH</summary>
    <summary lang="hr_HR">Podrška SSH protokola prijenosa datoteke</summary>
    <summary lang="id_ID">Dukungan Protokol Transfer Berkas SSH</summary>
    <summary lang="it_IT">Supporto al protocollo di trasferimento file SSH</summary>
    <summary lang="ko_KR">SSH 파일 전송 프로토콜 지원</summary>
    <summary lang="lv_LV">SSH failu pārsūtīšanas protokola atbalsts</summary>
    <summary lang="nb_NO">SSH-filoverføringsprotokoll (SFTP)-støtte</summary>
    <summary lang="nl_NL">Ondersteuning voor SSH File Transfer Protocol</summary>
    <summary lang="pl_PL">Obsługa SSH File Transfer Protocol (SFTP)</summary>
    <summary lang="pt_BR">Suporte para protocolo de transferência de arquivos SSH</summary>
    <summary lang="ro_RO">Sprijin Protocol Transfer de Fișiere prin SSH</summary>
    <summary lang="ru_RU">Поддержка протокола передачи файлов SSH</summary>
    <summary lang="sv_SE">Stöd för SSH File Transfer Protocol</summary>
    <summary lang="zh_CN">SSH 文件传输协议支持</summary>
    <description lang="ca_ES">El protocol de transferència de fitxers per SSH (o protocol de transferència de fitxers segur, o SFTP) és un protocol de xarxa que proporciona accés a fitxers, transferència de fitxers i gestió de fitxers a través de qualsevol flux de dades fiable.[CR][CR]Aquest complement permet accedir a les dades dels fitxers que hi ha.</description>
    <description lang="cs_CZ">SSH File Transfer Protocol (také Secure File Transfer Protocol nebo SFTP) je síťový protokol, který poskytuje přístup, přenos a správu souborů přes jakýkoliv spolehlivý datový přenos.[CR][CR]Tento doplněk umožňuje přístup k datům.</description>
    <description lang="da_DK">SSH File Transfer Protocol (SSH filoverførsels-protokol) (også Secure File Transfer Protocol eller SFTP) er en netværksprotokol, der giver filadgang, filoverførsel og filhåndtering over enhver pålidelig datastream.[CR][CR]Dette add-on tillader filadgang til data indeni.</description>
    <description lang="de_DE">Das SSH File Transfer Protocol (auch Secure File Transfer Protocol oder SFTP) ist ein Netzwerkprotokoll, das Dateizugriff, Dateiübertragung und Dateiverwaltung über jeden zuverlässigen Datenstrom ermöglicht.[CR][CR]Dieses Addon ermöglicht den Dateizugriff auf darin enthaltene Daten.</description>
    <description lang="en_GB">The SSH File Transfer Protocol (also Secure File Transfer Protocol, or SFTP) is a network protocol that provides file access, file transfer, and file management over any reliable data stream.[CR][CR]This addon allows file access to data in it.</description>
    <description lang="es_ES">El SSH File Transfer Protocol (también conocido como protocolo de transferencia segura de archivos o SFTP) es un protocolo de red que proporciona acceso a archivos, transferencia de archivos y administración de archivos a través de cualquier flujo de datos confiable.[CR][CR]Este complemento permite el acceso a los datos que contiene el archivo.</description>
    <description lang="es_MX">El Protocolo de Transferencia de Archivos mediante SSH (también llamado Protocolo de Transferencia de Archivos Seguro, SFTP por sus siglas en inglés) es un protocolo que provee acceso, transferencia y administración de archivos mediante cualquier conexión de red estable.[CR][CR]Este complemento habilita el acceso a datos mediante este protocolo.</description>
    <description lang="et_EE">SSH failiedastusprotokoll (ka Secure File Transfer Protocol ehk SFTP) on võrguprotokoll, mis võimaldab juurdepääsu failidele, failide edastamist ja failihaldust mis tahes usaldusväärse andmevoo kaudu. [CR][CR]See lisamoodul võimaldab failidel nendes olevatele andmetele juurde pääseda.</description>
    <description lang="fi_FI">SFTP (SSH File Transfer Protocol tai Secure File Transfer Protocol) on verkkoprotokolla, joka mahdollistaa tiedostojen käytön, siirron ja hallinnan minkä tahansa luotettavan tietovirran kautta.[CR][CR]Tämä lisäosa mahdollistaa tiedostojen käytön sen välityksellä.</description>
    <description lang="fr_FR">Le protocole de transfert de fichiers SSH (également le protocole de transfert de fichiers sécurisé ou SFTP) est un protocole réseau qui fournit l'accès aux fichiers, le transfert de fichiers et la gestion des fichiers sur n'importe quel flux de données fiable.[CR][CR]Ce module complémentaire permet l'accès a ses informations.</description>
    <description lang="hr_HR">SSH protokol prijenosa datoteke (poznat kao Siguran protokol prijenosa datoteke, ili SFTP) je mrežni protokol koji omogućuje pristup datotekama, prijenos datoteka, i upravljanje datotekama preko bilo kojeg dostupnog strujanja podataka.[CR][CR]Ovaj dodatak omogućuje pristup podacima u datotekama.</description>
    <description lang="id_ID">Protokol Transfer Berkas SSH (juga Protokol Transfer Berkas Aman, atau SFTP) adalah protokol jaringan yang menyediakan akses berkas, transfer berkas, dan pengelolaan berkas melalui aliran data apa pun yang andal.[CR][CR]Pengaya ini memungkinkan akses berkas dengan data.</description>
    <description lang="it_IT">Il protocollo di trasferimento file SSH (anche Secure File Transfer Protocol o SFTP) è un protocollo di rete che fornisce accesso ai file, trasferimento file e gestione dei file su qualsiasi flusso di dati affidabile.[CR][CR]Questo Add--on consente accesso ai file ai dati in esso contenuti.</description>
    <description lang="ko_KR">SSH 파일 전송 프로토콜(SFTP)은 신뢰할 수 있는 데이터 스트림을 통해 파일 액세스, 파일 전송 및 파일 관리를 제공하는 네트워크 프로토콜입니다.[CR][CR]이 애드온을 사용하면 데이터에 대한 파일 액세스가 허용됩니다.</description>
    <description lang="lv_LV">SSH failu pārsūtīšanas protokols (arī Secure File Transfer Protocol jeb SFTP) ir tīkla protokols, kas nodrošina piekļuvi failiem, failu pārsūtīšanu un failu pārvaldību, izmantojot drošu datu kanālu.</description>
    <description lang="nb_NO">SSH File Transfer Protocol (også kjent som Secure File Transfer Protocol, eller SFTP) er en nettverksprotokoll som gir tilgang til filer, filoverføring og filbehandling over enhver pålitelig datastrøm.[CR][CR]Denne utvidelsen gir filtilgang til data i den.</description>
    <description lang="pl_PL">SSH File Transfer Protocol (również Secure File Transfer Protocol lub SFTP) to protokół sieciowy, który zapewnia dostęp do plików, ich transfer i zarządzanie nimi za pośrednictwem dowolnego niezawodnego strumienia danych.[CR][CR]Dodatek ten umożliwia dostęp do plików z danymi w nich zawartymi.</description>
    <description lang="pt_BR">O SSH File Transfer Protocol (também Secure File Transfer Protocol, ou SFTP) é um protocolo de rede que fornece acesso, transferência e gerenciamento de arquivos, através de qualquer conexão fiável.[CR][CR]Este add-on permite acesso aos arquivos de dados, por meio desse protocolo.</description>
    <description lang="ru_RU">SSH File Transfer Protocol (также Secure File Transfer Protocol, или SFTP) - это сетевой протокол, который обеспечивает доступ к файлам, передачу файлов и управление файлами через любой надёжный поток данных.</description>
    <description lang="sv_SE">SSH File Transfer Protocol (även Secure File Transfer Protocol, eller SFTP) är ett nätverksprotokoll som ger filåtkomst, filöverföring och filhantering över alla pålitliga dataströmmar.[CR][CR]Detta tillägg tillåter filåtkomst till data i den.</description>
    <description lang="zh_CN">SSH 文件传输协议（也称为安全文件传输协议，或 SFTP）是一种网络协议，通过任何可靠的数据流提供文件访问、文件传输和文件管理。[CR][CR]此插件允许文件访问其中的数据。</description>
  </extension>
</addon>
