<?xml version="1.0" encoding="UTF-8"?>
<addon id="game.libretro.opera" name="The 3DO Company - 3DO (Opera)" version="1.0.0.45.1" provider-name="trapexit, JohnnyDude, FreeDO team">
  <requires>
    <import addon="game.libretro" version="1.0.0"/>
    <import addon="game.controller.3do" version="1.0.0"/>
  </requires>
  <extension point="kodi.gameclient" library_linux="game.libretro.opera.so">
    <platforms>3DO</platforms>
    <extensions>iso|bin|chd|cue</extensions>
    <supports_vfs>false</supports_vfs>
    <supports_standalone>true</supports_standalone>
    <requires_opengl>false</requires_opengl>
  </extension>
  <extension point="xbmc.addon.metadata">
    <license>LGPL/Non-commercial</license>
    <platform/>
    <source>https://github.com/kodi-game/game.libretro.opera</source>
    <assets>
      <icon>resources/icon.png</icon>
    </assets>
    <summary lang="da_DK">The 3DO Company - 3DO (Opera)</summary>
    <summary lang="en_GB">The 3DO Company - 3DO (Opera)</summary>
    <summary lang="es_ES">The 3DO Company - 3DO (Opera)</summary>
    <summary lang="zh_CN">3DO 公司 - 3DO（Opera）</summary>
    <description lang="da_DK">Opera emulerer 3DO Interactive Multiplayer videospilsystemet, ofte blot kaldet 3DO.[CR][CR]Opera er en fork af 4DO, som er baseret på FreeDO-kildekoden.</description>
    <description lang="de_DE">Opera emuliert das Videospiel 3DO Interactive Multiplayer, oft auch einfach 3DO genannt.[CR][CR]Opera ist eine Abspaltung von 4DO, das auf dem FreeDO Quellcode basiert.</description>
    <description lang="en_GB">Opera emulates the 3DO Interactive Multiplayer video game system, often called simply the 3DO.[CR][CR]Opera is a fork of 4DO, which is based on the FreeDO source code.</description>
    <description lang="es_ES">Opera emula el sistema de videojuegos 3DO Interactive Multiplayer, a menudo llamado simplemente 3DO.[CR][CR]Opera es una bifurcación de 4DO, que se basa en el código fuente de FreeDO.</description>
    <description lang="zh_CN">Opera 模拟了 3DO 交互式多人视频游戏系统，通常简称为 3DO。[CR][CR]Opera 是 4DO 的一个分支，它基于 FreeDO 源代码。</description>
  </extension>
</addon>
