<?xml version="1.0" encoding="UTF-8" standalone="yes"?>
<addon id="service.filebrowser"
       name="Web File Browser"
       version="21.2.0"
       provider-name="Team CoreELEC">
  <requires>
    <import addon="xbmc.python" version="3.0.0"/>

  </requires>
  <extension point="xbmc.service" library="default.py">
    <provides></provides>
  </extension>
  <extension point="xbmc.addon.metadata">
    <summary>Filebrowser: a web based filemanger</summary>
    <description>
Filebrowser (2.27.0): is a web based file managing interface and it can be used to upload, delete, preview, rename and edit your files.
    </description>
    <disclaimer>

    </disclaimer>
    <platform>all</platform>
    <news>
initial release
    </news>
    <assets>
      <icon>resources/icon.png</icon>
      <fanart>resources/fanart.png</fanart>
<screenshot>resources/screenshot-01.png</screenshot>
<screenshot>resources/screenshot-02.png</screenshot>
<screenshot>resources/screenshot-03.png</screenshot>
<screenshot>resources/screenshot-04.png</screenshot>

    </assets>
  </extension>
</addon>
