<?xml version="1.0" encoding="UTF-8"?>
<addon id="audiodecoder.2sf" version="21.0.2.1" name="2SF Audio Decoder" provider-name="spiff">
  <requires>
    <import addon="kodi.binary.global.main" minversion="2.0.0" version="2.0.2"/>
    <import addon="kodi.binary.global.filesystem" minversion="1.1.7" version="1.1.8"/>
    <import addon="kodi.binary.instance.audiodecoder" minversion="4.0.0" version="4.0.0"/>
  </requires>
  <extension point="kodi.audiodecoder" name="2sf" tags="true" library_linux="audiodecoder.2sf.so.21.0.2">
    <support>
      <extension name=".2sf">
        <description>30100</description>
        <icon>icon.png</icon>
      </extension>
      <extension name=".mini2sf">
        <description>30101</description>
        <icon>icon.png</icon>
      </extension>
    </support>
  </extension>
  <extension point="xbmc.addon.metadata">
    <platform/>
    <license>GPL-2.0-or-later</license>
    <source>https://github.com/xbmc/audiodecoder.2sf</source>
    <assets>
      <icon>resources/icon.png</icon>
    </assets>
    <summary lang="ca_ES">Descodificador de fitxers d'àudio de Nintendo DS</summary>
    <summary lang="cs_CZ">Nintendo DS dekodér audio souborů</summary>
    <summary lang="da_DK">Nintendo DS afkoder til lydfiler</summary>
    <summary lang="de_DE">Nintendo DS Audiodateidecoder</summary>
    <summary lang="en_GB">Nintendo DS audio file decoder</summary>
    <summary lang="es_AR">Decodificador de ficheros de audio Nintendo DS</summary>
    <summary lang="es_ES">Decodificador de archivos de audio Nintendo DS</summary>
    <summary lang="es_MX">Decodificador de archivos de audio de Nintendo DS</summary>
    <summary lang="eu_ES">Nintendo DSrako audio-fitxategi deskodegailua</summary>
    <summary lang="fi_FI">Nintendo DS -äänitiedostojen dekooderi</summary>
    <summary lang="fr_FR">Décodeur de fichier audio Nintendo DS</summary>
    <summary lang="hr_HR">Nintendo DS zvučni dekôder</summary>
    <summary lang="id_ID">Dekoder file audio Nintendo DS</summary>
    <summary lang="it_IT">Decodificatore di file audio per Nintendo DS</summary>
    <summary lang="ko_KR">닌텐도 DS 오디오 파일 디코더</summary>
    <summary lang="nb_NO">Dekoder for Nintendo DS-lydfiler</summary>
    <summary lang="nl_NL">Nintendo DS-decoder voor audiobestanden</summary>
    <summary lang="pl_PL">Dekoder plików audio Nintendo DS</summary>
    <summary lang="pt_BR">Decodificador de arquivos de áudio Nintendo DS</summary>
    <summary lang="pt_PT">Decodificador dos ficheiros áudio no Nintendo DS</summary>
    <summary lang="ru_RU">Декодер аудиофайлов Nintendo DS</summary>
    <summary lang="sk_SK">Nintendo DS dekóder audio súborov</summary>
    <summary lang="sq_AL">Nintendo DS audió fájldekóder</summary>
    <summary lang="sv_SE">Ljudfilsavkodare för Nintendo DS</summary>
    <summary lang="tr_TR">Nintendo DS ses dosyası çözücüsü</summary>
    <summary lang="vi_VN">Bộ giải mã tập tin âm thanh Nintendo DS</summary>
    <summary lang="zh_CN">任天堂 DS 音频文件解码器</summary>
    <summary lang="zh_TW">Nintendo DS 音訊檔案解碼器</summary>
    <description lang="bs_BA">Za podršku audio datoteke igre koju koriste neke Nintendo DS igre.[CR][CR]Dual Screen Sound Format je audio format zasnovan na PSF-u. Pohranjuje zvuk ripan iz ROM-ova Nintendo DS igara. Muzička uputstva se čuvaju u fajlovima sa ekstenzijom .2sflib, a muzički zapisi se čuvaju u fajlovima sa ekstenzijom .mini2sf.</description>
    <description lang="ca_ES">Per donar suport als fitxers d'àudio utilitzats per alguns jocs de Nintendo DS.[CR][CR]El format de so de pantalla doble (Dual Screen Sound Format) és un format d'àudio basat en PSF. Emmagatzema àudio extret de les ROM dels jocs de Nintendo DS. Les instruccions musicals s'emmagatzemen en fitxers amb una extensió .2sflib i la notació musical s'emmagatzemen en fitxers amb una extensió .mini2sf.</description>
    <description lang="da_DK">Understøttelse af spillydfiler, der bruges af nogle Nintendo DS-spil.[CR][CR]Dual Screen Sound Format er et lydformat baseret på PSF. Det gemmer lyd, der er rippet fra ROM'erne i Nintendo DS-spil. Musikinstruktioner gemmes .2sflib-filer, og musiknotationen gemmes i .mini2sf-filer.</description>
    <description lang="de_DE">Zur Unterstützung von Audiodateien, die von einigen Nintendo DS-Spielen verwendet werden.[CR][CR]Das Dual Screen Sound Format ist ein auf PSF basierendes Audioformat. Es speichert Audio, das aus den ROMs von Nintendo DS-Spielen gerippt wurde. Musikanweisungen werden in Dateien mit der Erweiterung .2sflib gespeichert, und die Musiknotation wird in Dateien mit der Erweiterung .mini2sf gespeichert.</description>
    <description lang="en_GB">To support game audio file used by some Nintendo DS games.[CR][CR]Dual Screen Sound Format is an audio format based on PSF. It stores audio ripped from the ROMs of Nintendo DS games. Music instructions are stored in files with a .2sflib extension and the music notation is stored in files with a .mini2sf extension.</description>
    <description lang="es_ES">Soporta archivos de audio de juego usados por algunos juegos de Nintendo DS.[CR][CR]Dual Screen Sound Format es un formato de audio basado en PSF. Guarda el audio extraído de las ROMs de los juegos de Nintendo DS. Las instrucciones musicales se almacenan en archivos con extensión .2sflib y la notación musical se almacena en archivos con extensión .mini2sf.</description>
    <description lang="eu_ES">Nintendo DSko hainbat jokuk erabiltzen dituzten audio-fitxategiekin bateragarria.[CR][CR]Dual Screen Sound Format PSFan (soinu-formatu eramangarria) oinarritutako audio formatu bat da. Nintendo DSko jokuen ROMetatik ateratako audioa gordetzen du. Musikaren jarraibideak .2sflib laburpeneko fitxategietan gordetzen dira eta musikaren notazioa .mini2sf luzapeneko fitxategietan.</description>
    <description lang="fi_FI">Tuki joidenkin Nintendo DS -pelien käyttämien pelien äänitiedostoille.[CR][CR]Dual Screen Sound Format on PSF-pohjainen äänimuoto, jota käytetään Nintendo DS -pelien ROM-medioilta kopioidun äänen tallennukseen. Musiikkiohjeet tallennetaan tiedostoihin, joiden tunniste on .2sflib, ja nuotinnustiedostot tiedostoihin, joiden tunniste on .mini2sf.</description>
    <description lang="fr_FR">Prend en charge les fichiers audio utilisés par certains jeux Nintendo DS.[CR][CR]Le format audio double écran est un format audio basé sur PSF. Il stocke l'audio extrait des ROM des jeux Nintendo DS. Les instructions musicales sont stockées dans des fichiers avec une extension .2sflib et la notation musicale est stockée dans des fichiers avec une extension .mini2sf.</description>
    <description lang="hr_HR">Za podršku zvučnih datoteka igre korištenih u određenim Nintendo DS igrama.[CR][CR]Dual Screen Sound Format je zvučni format temeljen na PSF. Sprema zvuk izdvojen iz ROM-a Nintendo DS igra. Glazbene instrukcije su spremljene u datoteci s .2sflib datotečnim proširenjem, a glazba je spremljena u datotekama s a .mini2sf datotečnim proširenjem.</description>
    <description lang="id_ID">Untuk mendukung file audio game yang digunakan oleh beberapa game Nintendo DS.[CR][CR]Dual Screen Sound Format adalah format audio berbasis PSF. Ini menyimpan audio yang diambil dari ROM game Nintendo DS. Instruksi musik disimpan dalam file dengan ekstensi .2sflib dan notasi musik disimpan dalam file dengan ekstensi .mini2sf.</description>
    <description lang="it_IT">Supporta il file audio di gioco usato da alcuni giochi per Nintendo DS.[CR][CR]Il formato audio a doppio schermo è un formato audio basato su PSF. Memorizza l'audio estratto dalle ROM dei giochi per Nintendo DS. Le istruzioni musicali sono memorizzate in file con estensione .2sflib e la notazione musicale in file con estensione .mini2sf.</description>
    <description lang="ko_KR">일부 Nintendo DS 게임에서 사용하는 게임 오디오 파일을 지원합니다.[CR][CR]듀얼 스크린 사운드 포맷은 PSF 기반의 오디오 포맷입니다. Nintendo DS 게임의 ROM에서 추출한 오디오를 저장합니다. 음악 설명은 .2sflib 확장자를 가진 파일에 저장되고 악보는 .mini2sf 확장자를 가진 파일에 저장됩니다.</description>
    <description lang="nb_NO">For å støtte spillydfiler brukt av enkelte Nintendo DS-spill.[CR][CR]Dual Screen Sound Format er et lydformat basert på PSF. Det lagrer lyd rippet fra ROM-ene til Nintendo DS-spill. Musikkinstruksjoner lagres i .2sflib-filer, og musikknotasjonen lagres i .mini2sf-filer.</description>
    <description lang="nl_NL">Ter ondersteuning van game-audiobestanden die door sommige Nintendo DS-spellen worden gebruikt. [CR][CR]Dual Screen Sound Format is een audioformaat dat is gebaseerd op PSF. Het slaat audio op die is geript van de ROM's van Nintendo DS-spellen. Muziekinstructies worden opgeslagen in bestanden met de extensie .2sflib en de muzieknotatie wordt opgeslagen in bestanden met de extensie .mini2sf.</description>
    <description lang="pl_PL">Do obsługi pliku audio gry używanego przez niektóre gry Nintendo DS.[CR][CR]Format dźwięku podwójnego ekranu to format audio oparty na PSF.Przechowuje dźwięk zgrany z pamięci ROM gier Nintendo DS.Instrukcje muzyczne są przechowywane w plikach z rozszerzeniem .2sflib, a notacja muzyczna w plikach z rozszerzeniem .mini2sf.</description>
    <description lang="pt_BR">Para suportar o arquivo de áudio do jogo usado por alguns jogos do Nintendo DS.[CR][CR]O formato de som de tela dupla é um formato de áudio baseado em PSF. Ele armazena áudio extraído de ROMs de jogos Nintendo DS. As instruções musicais são armazenadas em arquivos com extensão .2sflib e a notação musical é armazenada em arquivos com extensão .mini2sf.</description>
    <description lang="pt_PT">Para fornecer suporte aos ficheiros de áudio utilizados por alguns jogos de Nintendo DS.[CR][CR]Dual Screen Sound Format é um formato de áudio baseado em PSF, armazena áudio copiado dos ROMs de jogos Nintendo DS. As instruções musicais são armazenadas em ficheiros com uma extensão .2sflib e a notação musical é armazenada em ficheiros com uma extensão .mini2sf.</description>
    <description lang="ru_RU">Предназначен для поддержки звукового файла, используемого некоторыми играми Nintendo DS.[CR][CR]Dual Screen Sound Format - это аудиоформат, основанный на PSF. В нем хранятся аудиозаписи, извлеченные из ПЗУ игр Nintendo DS. Музыкальные инструкции хранятся в файлах с расширением .2sflib, а музыкальная запись - в файлах с расширением .mini2sf.</description>
    <description lang="tr_TR">Bazı Nintendo DS oyunları tarafından kullanılan oyun ses dosyalarını desteklemek için kullanılır.[CR][CR]Çift Ekran Ses Biçimi, PSF tabanlı bir ses biçimidir. Nintendo DS oyunlarının ROM'larından çıkartılan ses dosyalarını depolar. Müzik yönergeleri .2sflib uzantısına iye dosyalarda ve müzik notasyonu ise .mini2sf uzantısına iye dosyalarda depolanır.</description>
    <description lang="zh_CN">支持某些任天堂 DS 游戏使用的游戏音频文件。[CR][CR]双屏声音格式是基于 PSF 的音频格式。它存储从任天堂 DS 游戏 ROM 中提取的音频。音乐指令存储在扩展名为.2sflib的文件中，音乐符号存储在扩展名为.mini2sf的文件中。</description>
  </extension>
</addon>
