<?xml version="1.0" encoding="UTF-8" standalone="yes"?>
<addon id="service.system.podman"
       name="Podman"
       version="21.1.1.1"
       provider-name="Team CoreELEC">
  <requires>
    <import addon="xbmc.python" version="3.0.0"/>

  </requires>
  <extension point="xbmc.service" library="default.py">
    <provides></provides>
  </extension>
  <extension point="xbmc.addon.metadata">
    <summary>podman (autogenerated)</summary>
    <description>
Podman is a daemonless container engine for developing, managing, and running OCI Containers.
    </description>
    <disclaimer>

    </disclaimer>
    <platform>all</platform>
    <news>
initial release
    </news>
    <assets>
      <icon>resources/icon.png</icon>
      <fanart>resources/fanart.png</fanart>

    </assets>
  </extension>
</addon>
